person_id,unit_id,in_scope,phish_sent,phish_clicked,phish_reported,credential_submitted,training_assigned,training_completed
P00001,SALES,1,5,0,1,0,3,3
P00002,SALES,1,4,0,1,0,2,2
P00003,SALES,1,3,0,0,0,4,2
P00004,SALES,1,5,1,0,0,4,4
P00005,SALES,1,5,1,0,0,4,2
P00006,SALES,1,5,1,0,0,3,2
P00007,SALES,1,4,0,1,0,3,2
P00008,SALES,1,4,1,1,1,3,2
P00009,SALES,1,5,1,1,1,4,3
P00010,SALES,1,4,2,0,2,3,2
P00011,SALES,1,5,0,1,0,3,3
P00012,SALES,1,3,0,1,0,2,2
P00013,SALES,1,5,1,0,1,3,2
P00014,SALES,1,3,1,1,1,4,3
P00015,SALES,1,3,0,1,0,4,2
P00016,SALES,1,4,1,0,1,3,1
P00017,SALES,1,3,0,1,0,4,3
P00018,SALES,1,4,1,0,0,3,2
P00019,SALES,1,5,1,1,0,3,2
P00020,SALES,1,4,1,0,1,3,1
P00021,SALES,0,0,0,0,0,0,0
P00022,SALES,1,4,1,0,1,2,2
P00023,SALES,1,4,1,1,0,4,4
P00024,SALES,1,4,0,1,0,2,2
P00025,SALES,1,4,0,0,0,3,3
P00026,SALES,1,3,2,0,1,4,4
P00027,SALES,1,5,2,1,1,3,2
P00028,SALES,1,4,3,0,1,2,1
P00029,SALES,1,4,0,0,0,2,0
P00030,SALES,1,5,0,0,0,3,2
P00031,SALES,1,4,1,1,0,2,2
P00032,SALES,1,4,1,0,0,3,2
P00033,SALES,1,4,1,0,0,3,3
P00034,SALES,1,4,1,0,0,2,1
P00035,SALES,1,4,1,0,0,3,3
P00036,SALES,1,4,2,0,0,2,2
P00037,SALES,1,4,0,0,0,2,2
P00038,SALES,1,4,2,1,1,2,0
P00039,SALES,1,4,1,0,1,3,0
P00040,SALES,1,5,2,1,0,3,1
P00041,SALES,1,4,1,0,0,2,1
P00042,SALES,0,0,0,0,0,0,0
P00043,SALES,1,3,1,1,0,2,1
P00044,SALES,1,5,1,2,1,3,3
P00045,SALES,1,4,0,1,0,3,2
P00046,SALES,1,4,1,0,0,3,1
P00047,SALES,1,5,1,0,0,4,4
P00048,SALES,1,4,2,0,2,3,3
P00049,SALES,1,4,0,1,0,2,2
P00050,SALES,1,4,2,2,1,4,2
P00051,SALES,1,4,2,0,0,4,3
P00052,SALES,1,5,1,1,0,3,1
P00053,SALES,1,3,0,1,0,2,0
P00054,SALES,0,0,0,0,0,0,0
P00055,SALES,1,3,1,0,0,4,3
P00056,SALES,1,5,2,0,2,3,2
P00057,SALES,1,4,0,1,0,3,3
P00058,SALES,1,4,1,0,0,3,1
P00059,SALES,1,4,2,1,1,4,3
P00060,SALES,1,4,1,0,0,2,1
P00061,SALES,1,5,1,1,0,3,2
P00062,SALES,1,4,1,0,1,3,3
P00063,SALES,1,4,2,0,1,3,2
P00064,SALES,1,5,3,0,1,3,3
P00065,SALES,1,3,2,0,0,3,2
P00066,SALES,1,3,2,0,1,3,1
P00067,SALES,1,4,0,2,0,4,2
P00068,SALES,1,5,2,0,0,3,0
P00069,SALES,1,5,2,0,1,2,1
P00070,SALES,1,4,1,0,1,4,4
P00071,SALES,1,4,1,1,1,4,1
P00072,SALES,1,4,0,0,0,4,0
P00073,SALES,1,3,1,0,0,3,2
P00074,SALES,1,4,0,0,0,3,3
P00075,SALES,1,5,1,0,0,4,4
P00076,SALES,1,5,2,1,1,2,1
P00077,SALES,1,5,2,1,0,3,2
P00078,SALES,1,4,1,0,1,3,3
P00079,SALES,1,5,1,2,1,4,3
P00080,SALES,1,4,1,0,1,2,1
P00081,SALES,1,4,1,0,1,4,2
P00082,SALES,1,3,2,0,1,2,2
P00083,SALES,1,4,2,0,1,3,3
P00084,SALES,1,4,1,1,0,2,2
P00085,SALES,1,3,2,0,1,3,1
P00086,SALES,1,3,0,1,0,3,1
P00087,SALES,1,3,0,0,0,4,3
P00088,SALES,0,0,0,0,0,0,0
P00089,SALES,1,3,3,0,1,4,1
P00090,SALES,1,5,0,0,0,3,0
P00091,SALES,1,5,4,1,3,4,2
P00092,SALES,1,5,0,0,0,2,1
P00093,SALES,1,4,1,0,1,2,2
P00094,SALES,1,5,1,0,1,3,1
P00095,SALES,1,4,1,0,0,3,1
P00096,SALES,1,3,1,0,0,4,3
P00097,SALES,1,3,1,0,0,3,3
P00098,SALES,1,5,0,1,0,2,2
P00099,SALES,1,3,0,2,0,2,1
P00100,SALES,1,5,1,1,1,4,4
P00101,SALES,1,4,1,1,0,3,3
P00102,SALES,1,4,2,0,1,4,4
P00103,SALES,1,3,2,0,2,3,2
P00104,SALES,1,3,1,0,0,4,4
P00105,SALES,1,5,2,1,0,3,2
P00106,SALES,1,3,0,0,0,3,0
P00107,SALES,1,4,0,1,0,3,2
P00108,SALES,1,4,1,0,1,3,2
P00109,SALES,1,4,1,0,1,3,1
P00110,SALES,1,4,3,0,1,2,1
P00111,SALES,0,0,0,0,0,0,0
P00112,SALES,1,5,1,0,0,3,3
P00113,SALES,1,4,0,0,0,3,2
P00114,SALES,1,5,0,0,0,4,2
P00115,SALES,1,3,2,1,0,2,2
P00116,SALES,1,4,1,0,0,2,0
P00117,SALES,1,4,2,0,1,4,3
P00118,SALES,1,4,0,2,0,3,2
P00119,SALES,1,4,0,0,0,3,2
P00120,SALES,1,4,0,0,0,3,2
P00121,SALES,1,4,0,0,0,2,2
P00122,SALES,1,4,1,0,1,4,3
P00123,SALES,1,4,1,0,1,3,3
P00124,SALES,1,3,1,0,0,2,1
P00125,SALES,1,3,0,0,0,3,3
P00126,SALES,1,4,0,1,0,3,2
P00127,SALES,1,5,0,0,0,2,2
P00128,SALES,1,3,0,0,0,3,2
P00129,SALES,1,4,2,0,1,4,4
P00130,SALES,1,4,0,0,0,3,3
P00131,SALES,1,5,0,0,0,3,2
P00132,SALES,1,3,0,0,0,2,2
P00133,SALES,1,4,1,0,1,2,2
P00134,SALES,1,4,0,2,0,3,3
P00135,SALES,1,3,1,1,1,3,3
P00136,SALES,1,5,2,1,2,3,1
P00137,SALES,1,5,3,0,2,3,1
P00138,SALES,1,3,1,0,0,3,2
P00139,SALES,0,0,0,0,0,0,0
P00140,SALES,1,3,0,1,0,4,4
P00141,SALES,1,3,1,0,1,4,3
P00142,SALES,1,4,2,0,1,3,2
P00143,SALES,1,3,0,0,0,3,2
P00144,SALES,1,4,1,1,1,3,2
P00145,SALES,1,4,1,1,1,4,2
P00146,SALES,1,4,1,1,0,4,1
P00147,SALES,1,4,3,0,2,3,0
P00148,SALES,1,3,1,0,1,3,2
P00149,SALES,1,4,1,0,0,4,2
P00150,SALES,1,3,1,0,0,2,2
P00151,SALES,1,4,1,0,0,2,2
P00152,SALES,1,4,2,1,1,2,0
P00153,SALES,1,4,2,0,0,3,2
P00154,SALES,1,3,0,0,0,3,2
P00155,SALES,1,4,2,0,1,3,2
P00156,SALES,1,4,0,0,0,2,2
P00157,SALES,1,3,0,0,0,2,2
P00158,SALES,1,4,1,0,0,2,2
P00159,SALES,1,5,0,0,0,3,2
P00160,SALES,1,3,0,0,0,4,3
P00161,SALES,1,4,0,0,0,4,4
P00162,SALES,1,4,0,0,0,4,1
P00163,SALES,1,5,0,0,0,4,3
P00164,SALES,0,0,0,0,0,0,0
P00165,SALES,1,3,1,0,0,4,3
P00166,SALES,1,3,1,0,0,3,1
P00167,SALES,1,5,0,0,0,2,1
P00168,SALES,1,4,3,1,2,3,3
P00169,SALES,1,3,0,2,0,4,4
P00170,SALES,1,5,0,0,0,3,3
P00171,SALES,1,4,3,0,1,3,3
P00172,SALES,1,4,2,0,2,2,2
P00173,SALES,1,4,1,0,0,3,2
P00174,SALES,1,3,1,0,0,3,3
P00175,SALES,1,4,0,1,0,3,0
P00176,SALES,1,5,1,1,0,3,3
P00177,SALES,1,5,0,1,0,3,1
P00178,SALES,1,4,1,0,1,4,2
P00179,SALES,1,5,2,2,1,2,1
P00180,SALES,1,5,1,0,1,3,2
P00181,SALES,1,4,2,1,0,4,4
P00182,SALES,1,4,2,1,0,2,1
P00183,SALES,1,5,1,0,0,3,2
P00184,SALES,1,4,0,0,0,4,2
P00185,SALES,1,4,1,0,0,4,3
P00186,SALES,1,5,2,0,1,4,1
P00187,SALES,0,0,0,0,0,0,0
P00188,SALES,1,5,1,0,1,2,2
P00189,SALES,1,4,1,1,0,2,2
P00190,SALES,1,4,2,1,1,2,1
P00191,SALES,1,5,2,0,1,3,3
P00192,SALES,1,3,1,0,0,3,3
P00193,SALES,1,3,2,0,1,3,1
P00194,SALES,0,0,0,0,0,0,0
P00195,SALES,1,3,0,1,0,2,1
P00196,SALES,1,4,1,0,0,2,2
P00197,SALES,1,3,0,0,0,2,1
P00198,SALES,1,5,2,0,0,2,1
P00199,SALES,1,4,0,0,0,3,2
P00200,SALES,1,5,1,1,0,3,2
P00201,SALES,1,5,1,0,1,4,1
P00202,SALES,1,4,2,1,0,2,2
P00203,SALES,1,4,1,0,1,3,0
P00204,SALES,1,4,1,0,0,3,3
P00205,SALES,1,4,2,0,1,3,2
P00206,SALES,1,4,2,1,1,4,2
P00207,SALES,1,4,0,0,0,4,4
P00208,SALES,1,3,1,0,1,3,2
P00209,SALES,1,5,4,0,2,3,0
P00210,SALES,1,5,0,0,0,2,2
P00211,SALES,1,5,3,0,1,2,2
P00212,SALES,1,5,1,0,1,4,3
P00213,SALES,1,4,0,1,0,3,3
P00214,SALES,1,4,0,0,0,2,2
P00215,SALES,1,4,1,1,1,3,2
P00216,SALES,1,5,3,0,1,3,3
P00217,SALES,1,4,0,2,0,3,3
P00218,SALES,1,5,0,0,0,3,1
P00219,SALES,1,5,0,0,0,3,3
P00220,SALES,1,4,1,0,0,4,4
P00221,SALES,1,4,1,1,0,3,0
P00222,SALES,1,4,2,0,1,2,0
P00223,SALES,1,4,1,0,0,3,1
P00224,SALES,1,4,2,0,0,4,3
P00225,SALES,0,0,0,0,0,0,0
P00226,SALES,1,4,1,0,1,2,2
P00227,SALES,1,5,2,0,0,4,3
P00228,SALES,1,3,2,0,1,2,2
P00229,SALES,1,4,0,0,0,4,3
P00230,SALES,1,3,1,0,1,3,3
P00231,SALES,1,5,0,0,0,3,3
P00232,SALES,1,3,1,0,1,3,3
P00233,SALES,1,5,3,1,1,3,2
P00234,SALES,1,3,1,0,1,3,2
P00235,SALES,1,4,0,0,0,4,3
P00236,SALES,1,4,1,0,0,2,1
P00237,SALES,1,5,3,0,0,4,4
P00238,SALES,1,4,2,0,1,4,3
P00239,SALES,1,4,1,0,0,4,2
P00240,SALES,1,5,1,1,0,2,2
P00241,SALES,1,5,1,0,1,4,3
P00242,SALES,1,3,1,1,1,3,2
P00243,SALES,1,4,1,0,1,4,4
P00244,SALES,1,5,0,1,0,2,2
P00245,SALES,1,4,0,0,0,4,3
P00246,SALES,1,3,0,0,0,4,4
P00247,SALES,1,4,1,0,1,2,2
P00248,SALES,1,3,0,0,0,4,3
P00249,SALES,1,5,0,0,0,3,2
P00250,SALES,1,5,1,0,1,3,2
P00251,SALES,1,4,3,0,1,3,2
P00252,SALES,0,0,0,0,0,0,0
P00253,SALES,0,0,0,0,0,0,0
P00254,SALES,1,4,1,1,1,3,3
P00255,SALES,1,3,1,0,1,3,3
P00256,SALES,0,0,0,0,0,0,0
P00257,SALES,1,5,0,0,0,4,4
P00258,SALES,1,5,0,0,0,2,2
P00259,SALES,1,4,1,0,1,2,2
P00260,SALES,1,4,0,0,0,2,1
P00261,SALES,1,3,0,0,0,4,2
P00262,SALES,1,4,1,0,1,3,1
P00263,SALES,1,5,2,0,1,4,3
P00264,SALES,1,4,0,0,0,4,2
P00265,SALES,1,4,1,0,0,3,2
P00266,SALES,1,4,1,1,0,3,1
P00267,SALES,1,4,0,0,0,3,2
P00268,SALES,1,3,0,0,0,3,2
P00269,SALES,1,4,2,0,0,3,2
P00270,SALES,1,4,1,2,1,3,2
P00271,SALES,1,5,1,2,1,3,1
P00272,SALES,1,5,2,0,1,3,2
P00273,SALES,1,4,1,1,0,3,1
P00274,SALES,1,4,2,0,1,4,4
P00275,SALES,1,5,1,0,0,3,2
P00276,SALES,1,3,0,1,0,3,2
P00277,SALES,1,3,0,0,0,3,3
P00278,SALES,1,4,1,0,0,2,2
P00279,SALES,1,4,1,0,0,3,2
P00280,SALES,1,4,0,1,0,3,2
P00281,FIN,1,3,0,1,0,2,2
P00282,FIN,1,3,0,0,0,3,3
P00283,FIN,1,4,0,1,0,4,3
P00284,FIN,1,4,0,2,0,3,3
P00285,FIN,1,5,1,1,0,3,3
P00286,FIN,1,4,0,0,0,3,3
P00287,FIN,1,5,1,0,0,4,4
P00288,FIN,1,4,2,0,1,2,2
P00289,FIN,1,4,2,1,1,4,4
P00290,FIN,1,5,1,0,1,3,3
P00291,FIN,1,4,1,1,0,2,2
P00292,FIN,1,4,0,2,0,4,4
P00293,FIN,1,4,1,1,0,3,2
P00294,FIN,1,3,1,1,1,2,2
P00295,FIN,1,4,1,2,0,3,2
P00296,FIN,1,3,0,0,0,2,1
P00297,FIN,1,5,0,0,0,4,4
P00298,FIN,1,5,0,0,0,2,2
P00299,FIN,1,4,0,1,0,2,2
P00300,FIN,1,5,1,1,0,3,2
P00301,FIN,1,3,0,0,0,4,3
P00302,FIN,1,5,0,2,0,4,3
P00303,FIN,1,4,1,1,0,4,3
P00304,FIN,1,4,1,0,1,2,2
P00305,FIN,1,5,0,0,0,2,2
P00306,FIN,1,4,1,1,0,3,3
P00307,FIN,1,3,1,0,1,3,2
P00308,FIN,1,5,0,0,0,4,2
P00309,FIN,1,5,0,2,0,3,3
P00310,FIN,1,4,0,0,0,4,3
P00311,FIN,1,4,0,3,0,4,4
P00312,FIN,1,4,0,0,0,3,1
P00313,FIN,1,3,1,0,0,2,2
P00314,FIN,1,5,0,0,0,3,3
P00315,FIN,1,4,1,0,0,4,4
P00316,FIN,1,5,0,1,0,3,3
P00317,FIN,1,4,0,1,0,2,2
P00318,FIN,1,5,1,1,1,3,3
P00319,FIN,0,0,0,0,0,0,0
P00320,FIN,1,4,1,0,0,2,2
P00321,FIN,1,4,1,1,0,3,3
P00322,FIN,1,4,0,1,0,2,2
P00323,FIN,1,5,3,0,1,3,2
P00324,FIN,1,5,0,0,0,2,2
P00325,FIN,1,4,1,0,1,2,2
P00326,FIN,1,4,1,0,0,3,1
P00327,FIN,1,4,2,0,1,3,3
P00328,FIN,1,4,0,0,0,4,4
P00329,FIN,1,5,1,2,1,3,2
P00330,FIN,1,4,1,1,0,3,2
P00331,FIN,1,5,2,0,2,2,0
P00332,FIN,1,4,1,0,0,2,1
P00333,FIN,1,5,2,0,1,3,2
P00334,FIN,1,4,0,2,0,4,4
P00335,FIN,1,5,0,1,0,3,3
P00336,FIN,1,4,0,0,0,3,3
P00337,FIN,1,3,1,0,0,2,2
P00338,FIN,1,3,1,0,1,3,3
P00339,FIN,1,3,1,0,1,4,4
P00340,FIN,1,3,0,1,0,3,2
P00341,FIN,1,3,2,0,1,3,3
P00342,FIN,1,3,1,0,1,3,2
P00343,FIN,1,4,1,2,1,4,4
P00344,FIN,1,4,1,1,0,3,3
P00345,FIN,1,4,0,0,0,3,3
P00346,FIN,1,5,0,2,0,3,3
P00347,FIN,1,3,0,0,0,4,3
P00348,FIN,1,5,3,0,1,2,1
P00349,FIN,1,4,2,1,1,4,4
P00350,FIN,1,4,2,0,2,3,2
P00351,FIN,1,4,0,1,0,3,3
P00352,FIN,1,3,0,0,0,2,2
P00353,FIN,1,4,1,1,1,3,3
P00354,FIN,1,3,0,0,0,3,2
P00355,FIN,1,4,0,0,0,4,4
P00356,FIN,1,4,0,2,0,2,0
P00357,FIN,1,5,0,0,0,3,3
P00358,FIN,1,3,0,0,0,3,2
P00359,FIN,1,3,0,2,0,4,4
P00360,FIN,1,4,0,0,0,4,3
P00361,FIN,1,4,1,0,0,4,3
P00362,FIN,1,5,0,1,0,2,1
P00363,FIN,1,4,1,1,1,3,3
P00364,FIN,1,4,1,0,1,3,1
P00365,FIN,1,3,1,0,0,4,3
P00366,FIN,1,5,1,2,0,2,1
P00367,FIN,1,4,0,1,0,2,1
P00368,FIN,1,4,1,2,0,4,4
P00369,FIN,1,4,0,2,0,4,4
P00370,FIN,1,4,2,0,1,3,2
P00371,FIN,1,4,2,0,2,3,3
P00372,FIN,1,4,1,0,0,4,2
P00373,FIN,1,3,0,1,0,2,2
P00374,FIN,1,5,1,2,1,2,1
P00375,FIN,1,4,1,0,0,4,4
P00376,FIN,1,5,0,0,0,2,2
P00377,FIN,1,4,1,2,0,3,3
P00378,FIN,1,4,2,2,1,3,3
P00379,FIN,1,3,1,0,0,3,3
P00380,FIN,1,4,2,0,1,3,2
P00381,FIN,1,5,2,0,1,4,1
P00382,FIN,1,4,0,1,0,4,3
P00383,FIN,1,3,0,0,0,3,3
P00384,FIN,1,4,1,2,1,2,2
P00385,FIN,1,5,0,1,0,3,3
P00386,FIN,1,5,1,0,0,4,1
P00387,FIN,1,3,2,1,1,2,2
P00388,FIN,1,4,0,2,0,3,3
P00389,FIN,1,4,1,0,0,2,1
P00390,FIN,1,4,1,0,0,2,2
P00391,FIN,1,3,0,1,0,3,2
P00392,FIN,1,4,0,1,0,4,4
P00393,FIN,1,4,1,0,1,3,3
P00394,FIN,1,3,0,0,0,4,3
P00395,FIN,1,3,0,0,0,3,2
P00396,FIN,1,4,2,0,0,4,4
P00397,FIN,1,4,3,2,1,2,2
P00398,FIN,1,3,1,0,1,3,2
P00399,FIN,1,4,0,0,0,2,2
P00400,FIN,1,4,3,0,1,4,3
P00401,FIN,1,4,1,1,1,2,2
P00402,FIN,1,4,1,1,0,4,4
P00403,FIN,1,5,1,1,0,4,4
P00404,FIN,1,3,2,0,2,3,2
P00405,FIN,1,4,0,0,0,3,3
P00406,FIN,1,3,0,0,0,4,4
P00407,FIN,1,3,1,0,1,4,4
P00408,FIN,1,5,1,0,1,3,3
P00409,FIN,1,4,1,0,1,3,3
P00410,FIN,1,4,1,2,1,3,3
P00411,FIN,1,4,1,1,0,3,2
P00412,FIN,1,4,0,2,0,3,3
P00413,FIN,1,4,1,0,0,4,3
P00414,FIN,1,5,2,0,1,3,3
P00415,FIN,1,3,0,1,0,3,2
P00416,FIN,1,5,1,1,1,3,3
P00417,FIN,1,4,2,0,0,3,2
P00418,FIN,1,3,1,1,0,2,2
P00419,FIN,1,5,1,0,0,4,3
P00420,FIN,1,3,2,0,1,2,2
P00421,IT,1,4,0,1,0,2,2
P00422,IT,1,3,0,1,0,3,3
P00423,IT,1,4,1,4,0,2,2
P00424,IT,1,4,0,2,0,4,4
P00425,IT,1,4,0,2,0,3,2
P00426,IT,1,4,0,2,0,4,4
P00427,IT,1,5,0,5,0,3,3
P00428,IT,1,4,0,1,0,3,3
P00429,IT,1,5,0,2,0,3,3
P00430,IT,1,4,0,0,0,3,3
P00431,IT,1,4,0,4,0,3,3
P00432,IT,1,3,0,1,0,4,3
P00433,IT,1,3,0,0,0,4,4
P00434,IT,1,4,0,1,0,3,3
P00435,IT,1,4,0,0,0,4,4
P00436,IT,1,4,0,1,0,4,4
P00437,IT,1,3,0,2,0,3,3
P00438,IT,1,4,0,2,0,4,4
P00439,IT,1,4,0,0,0,4,4
P00440,IT,1,4,0,0,0,3,3
P00441,IT,1,4,0,0,0,4,4
P00442,IT,1,5,0,2,0,4,4
P00443,IT,1,3,0,3,0,4,4
P00444,IT,1,4,0,2,0,3,3
P00445,IT,1,4,1,3,1,3,3
P00446,IT,1,3,0,0,0,3,3
P00447,IT,1,4,0,2,0,4,4
P00448,IT,1,4,0,1,0,4,4
P00449,IT,1,5,0,2,0,4,4
P00450,IT,1,4,0,0,0,4,4
P00451,IT,1,5,0,2,0,4,4
P00452,IT,1,3,0,1,0,2,2
P00453,IT,1,4,1,2,1,4,4
P00454,IT,1,5,0,5,0,4,4
P00455,IT,1,4,0,2,0,2,2
P00456,IT,1,3,0,3,0,3,3
P00457,IT,1,4,1,0,1,3,3
P00458,IT,1,3,3,0,0,3,2
P00459,IT,1,4,0,2,0,3,3
P00460,IT,1,3,1,0,1,3,2
P00461,IT,1,4,0,2,0,3,3
P00462,IT,1,4,0,3,0,3,2
P00463,IT,1,5,0,4,0,3,3
P00464,IT,1,5,0,5,0,4,4
P00465,IT,1,5,0,4,0,3,3
P00466,IT,1,4,1,2,1,4,4
P00467,IT,1,3,0,0,0,2,2
P00468,IT,1,5,1,1,1,3,3
P00469,IT,1,4,0,3,0,2,2
P00470,IT,1,4,0,0,0,3,3
P00471,IT,1,5,0,2,0,2,2
P00472,IT,1,5,0,5,0,3,3
P00473,IT,1,4,0,1,0,2,2
P00474,IT,1,5,0,1,0,3,3
P00475,IT,1,4,0,2,0,3,3
P00476,IT,1,4,1,2,0,4,3
P00477,IT,1,4,0,3,0,2,2
P00478,IT,1,3,0,2,0,3,3
P00479,IT,1,3,0,1,0,3,3
P00480,IT,1,3,0,0,0,3,2
P00481,IT,1,4,0,3,0,4,4
P00482,IT,1,4,0,2,0,2,2
P00483,IT,1,3,1,2,0,2,2
P00484,IT,1,4,0,2,0,2,2
P00485,IT,1,4,0,4,0,3,2
P00486,IT,1,3,0,1,0,3,3
P00487,IT,1,4,0,3,0,3,3
P00488,IT,1,3,1,2,0,2,2
P00489,IT,1,5,0,3,0,3,3
P00490,IT,1,4,1,0,0,2,2
P00491,IT,1,3,0,2,0,3,3
P00492,IT,1,3,0,1,0,2,2
P00493,IT,1,3,0,2,0,3,3
P00494,IT,1,4,1,1,1,4,4
P00495,IT,1,4,1,1,1,3,2
P00496,IT,1,5,0,3,0,3,3
P00497,IT,1,3,2,2,0,4,4
P00498,IT,1,4,0,1,0,4,3
P00499,IT,1,4,0,0,0,3,2
P00500,IT,1,3,0,1,0,3,3
P00501,IT,1,4,1,1,0,3,3
P00502,IT,1,3,0,0,0,2,2
P00503,IT,1,5,2,2,0,2,2
P00504,IT,1,4,0,4,0,2,2
P00505,IT,1,5,0,5,0,3,3
P00506,IT,1,4,1,0,1,3,3
P00507,IT,1,3,0,3,0,3,3
P00508,IT,1,4,0,2,0,2,2
P00509,IT,1,4,0,0,0,4,4
P00510,IT,1,5,0,2,0,3,3
P00511,IT,1,5,0,3,0,3,3
P00512,IT,1,4,0,4,0,4,4
P00513,IT,1,3,0,0,0,2,1
P00514,IT,1,3,0,2,0,2,2
P00515,IT,1,5,0,0,0,3,3
P00516,IT,1,5,0,1,0,4,4
P00517,IT,1,3,0,2,0,2,2
P00518,IT,1,4,0,2,0,3,3
P00519,IT,1,5,0,0,0,3,2
P00520,IT,1,4,0,2,0,2,2
P00521,RND,0,0,0,0,0,0,0
P00522,RND,0,0,0,0,0,0,0
P00523,RND,1,5,0,1,0,2,1
P00524,RND,1,5,1,2,1,3,3
P00525,RND,1,4,0,0,0,2,2
P00526,RND,1,4,1,1,1,3,3
P00527,RND,1,3,0,0,0,2,2
P00528,RND,1,4,0,0,0,3,2
P00529,RND,1,4,1,0,1,3,3
P00530,RND,1,4,1,1,1,2,2
P00531,RND,1,3,0,0,0,2,2
P00532,RND,1,4,0,0,0,3,2
P00533,RND,1,3,0,0,0,3,2
P00534,RND,1,4,0,1,0,3,2
P00535,RND,1,4,0,1,0,2,2
P00536,RND,1,4,0,0,0,3,2
P00537,RND,1,5,1,0,0,3,3
P00538,RND,1,4,0,0,0,4,4
P00539,RND,1,4,1,2,1,3,3
P00540,RND,1,5,2,1,0,3,2
P00541,RND,1,3,0,0,0,4,3
P00542,RND,1,5,2,1,0,2,2
P00543,RND,1,5,2,0,1,2,1
P00544,RND,1,4,1,1,1,2,1
P00545,RND,1,4,1,1,0,2,1
P00546,RND,1,3,1,1,0,3,3
P00547,RND,1,3,0,1,0,2,2
P00548,RND,1,3,0,1,0,3,2
P00549,RND,1,4,0,2,0,3,2
P00550,RND,1,4,0,0,0,3,2
P00551,RND,1,4,1,1,0,3,3
P00552,RND,1,4,0,1,0,3,3
P00553,RND,1,5,2,0,1,3,3
P00554,RND,1,3,1,0,0,3,3
P00555,RND,1,5,0,0,0,3,2
P00556,RND,1,4,0,0,0,4,4
P00557,RND,1,5,1,0,1,3,3
P00558,RND,0,0,0,0,0,0,0
P00559,RND,1,3,0,0,0,4,2
P00560,RND,1,4,0,0,0,4,3
P00561,RND,1,4,0,1,0,3,3
P00562,RND,1,4,1,2,1,3,2
P00563,RND,1,3,0,1,0,4,3
P00564,RND,1,5,0,0,0,4,3
P00565,RND,1,4,0,0,0,3,3
P00566,RND,0,0,0,0,0,0,0
P00567,RND,1,3,1,0,0,2,1
P00568,RND,1,3,1,1,0,3,3
P00569,RND,1,4,0,2,0,4,4
P00570,RND,1,4,1,0,0,3,3
P00571,RND,0,0,0,0,0,0,0
P00572,RND,1,4,0,2,0,2,1
P00573,RND,1,4,0,0,0,2,1
P00574,RND,1,4,0,1,0,3,2
P00575,RND,1,4,1,1,1,3,3
P00576,RND,1,4,0,1,0,3,2
P00577,RND,0,0,0,0,0,0,0
P00578,RND,1,3,0,0,0,4,3
P00579,RND,0,0,0,0,0,0,0
P00580,RND,1,4,0,1,0,3,3
P00581,RND,1,3,0,0,0,3,3
P00582,RND,1,4,0,2,0,3,3
P00583,RND,1,3,0,0,0,3,2
P00584,RND,1,4,0,1,0,3,3
P00585,RND,1,3,1,2,0,4,3
P00586,RND,1,4,1,1,0,3,1
P00587,RND,1,4,0,0,0,2,2
P00588,RND,1,4,1,0,1,4,4
P00589,RND,1,5,1,0,0,2,2
P00590,RND,1,5,1,0,0,2,2
P00591,RND,1,5,1,0,0,3,3
P00592,RND,1,5,1,1,0,3,3
P00593,RND,1,5,1,2,1,2,2
P00594,RND,1,4,2,1,2,4,3
P00595,RND,1,5,3,0,1,3,3
P00596,RND,1,5,0,3,0,2,1
P00597,RND,1,4,0,0,0,4,4
P00598,RND,1,4,0,0,0,2,2
P00599,RND,1,4,1,0,1,2,2
P00600,RND,1,4,1,0,0,3,3
P00601,RND,1,5,0,2,0,3,3
P00602,RND,1,3,0,1,0,3,3
P00603,RND,1,4,1,0,1,2,1
P00604,RND,1,4,0,2,0,2,1
P00605,RND,1,3,0,0,0,3,3
P00606,RND,1,5,2,0,1,4,4
P00607,RND,1,5,1,0,1,3,2
P00608,RND,1,5,1,0,0,3,3
P00609,RND,1,3,0,0,0,3,1
P00610,RND,1,5,1,0,1,3,2
P00611,RND,1,4,1,2,1,3,2
P00612,RND,1,5,0,0,0,3,2
P00613,RND,1,5,0,2,0,4,2
P00614,RND,1,4,1,0,1,3,3
P00615,RND,1,5,0,1,0,2,2
P00616,RND,1,5,0,1,0,2,2
P00617,RND,1,4,0,0,0,4,4
P00618,RND,1,3,0,0,0,2,1
P00619,RND,1,4,1,1,1,3,3
P00620,RND,1,4,0,1,0,2,2
P00621,RND,1,3,0,0,0,2,2
P00622,RND,1,4,0,1,0,2,2
P00623,RND,1,4,0,0,0,2,2
P00624,RND,0,0,0,0,0,0,0
P00625,RND,1,4,1,0,1,3,3
P00626,RND,1,4,0,1,0,3,3
P00627,RND,1,5,1,1,0,3,1
P00628,RND,1,4,0,1,0,4,3
P00629,RND,1,3,0,0,0,2,2
P00630,RND,1,4,1,1,1,3,3
P00631,RND,1,3,0,0,0,3,2
P00632,RND,1,3,1,0,0,3,2
P00633,RND,1,4,0,0,0,4,2
P00634,RND,1,5,0,0,0,2,1
P00635,RND,1,3,0,1,0,3,2
P00636,RND,1,3,0,2,0,2,2
P00637,RND,1,5,0,1,0,3,2
P00638,RND,1,3,1,1,1,2,2
P00639,RND,1,4,0,0,0,3,3
P00640,RND,1,4,2,0,1,4,3
P00641,RND,1,4,0,0,0,2,1
P00642,RND,1,5,1,1,1,4,3
P00643,RND,1,5,0,0,0,4,4
P00644,RND,0,0,0,0,0,0,0
P00645,RND,1,4,0,3,0,2,1
P00646,RND,1,5,2,0,1,3,2
P00647,RND,1,3,0,1,0,3,3
P00648,RND,1,4,1,0,0,4,2
P00649,RND,1,4,0,0,0,4,4
P00650,RND,1,3,0,0,0,3,3
P00651,RND,1,3,0,0,0,2,1
P00652,RND,1,3,1,2,0,3,3
P00653,RND,0,0,0,0,0,0,0
P00654,RND,1,5,1,3,0,3,1
P00655,RND,1,3,0,0,0,3,2
P00656,RND,1,5,1,1,0,4,1
P00657,RND,1,5,0,0,0,3,1
P00658,RND,1,5,0,2,0,3,3
P00659,RND,1,4,0,0,0,3,2
P00660,RND,1,3,0,0,0,3,3
P00661,RND,1,3,0,1,0,3,3
P00662,RND,1,5,1,1,1,3,3
P00663,RND,1,3,1,0,0,4,3
P00664,RND,1,4,0,1,0,3,3
P00665,RND,1,5,2,1,0,3,2
P00666,RND,1,3,1,0,0,4,2
P00667,RND,1,5,0,2,0,2,2
P00668,RND,1,3,0,2,0,2,2
P00669,RND,1,5,0,2,0,3,2
P00670,RND,1,3,0,0,0,3,2
P00671,RND,1,4,0,1,0,4,4
P00672,RND,1,4,1,2,0,4,2
P00673,RND,1,5,0,0,0,3,3
P00674,RND,1,4,1,1,1,4,3
P00675,RND,1,4,0,3,0,4,3
P00676,RND,1,5,0,1,0,3,1
P00677,RND,1,4,0,1,0,3,2
P00678,RND,1,5,0,1,0,3,2
P00679,RND,1,4,0,1,0,2,1
P00680,RND,1,4,0,0,0,3,3
P00681,RND,1,4,0,2,0,3,3
P00682,RND,1,4,1,2,1,3,0
P00683,RND,1,4,0,0,0,3,1
P00684,RND,1,3,0,0,0,2,0
P00685,RND,1,5,0,2,0,4,4
P00686,RND,1,5,1,0,1,3,1
P00687,RND,1,5,0,0,0,2,2
P00688,RND,1,4,1,2,1,2,2
P00689,RND,1,4,0,0,0,4,4
P00690,RND,1,5,1,2,0,4,4
P00691,RND,1,4,0,0,0,2,1
P00692,RND,1,5,0,0,0,3,1
P00693,RND,1,3,0,1,0,2,2
P00694,RND,1,3,0,3,0,4,2
P00695,RND,0,0,0,0,0,0,0
P00696,RND,1,5,0,2,0,4,4
P00697,RND,1,4,0,1,0,2,2
P00698,RND,0,0,0,0,0,0,0
P00699,RND,1,5,0,1,0,3,2
P00700,RND,1,4,0,0,0,2,0
P00701,RND,1,3,0,1,0,3,3
P00702,RND,1,3,0,0,0,2,2
P00703,RND,1,4,0,0,0,3,2
P00704,RND,1,4,0,0,0,2,1
P00705,RND,0,0,0,0,0,0,0
P00706,RND,1,3,2,0,0,4,3
P00707,RND,1,5,1,2,0,3,3
P00708,RND,1,4,0,0,0,4,3
P00709,RND,1,4,0,0,0,2,2
P00710,RND,1,5,1,1,1,3,3
P00711,RND,1,4,0,0,0,4,3
P00712,RND,1,4,0,0,0,2,2
P00713,RND,1,3,0,0,0,2,2
P00714,RND,1,5,1,1,0,2,1
P00715,RND,1,4,0,1,0,4,4
P00716,RND,1,4,0,0,0,2,1
P00717,RND,1,4,0,1,0,3,3
P00718,RND,1,4,1,2,1,3,2
P00719,RND,1,4,0,0,0,2,2
P00720,RND,1,3,0,2,0,4,3
P00721,RND,1,5,1,0,1,4,4
P00722,RND,0,0,0,0,0,0,0
P00723,RND,1,4,0,1,0,3,3
P00724,RND,1,4,0,0,0,3,3
P00725,RND,1,3,0,1,0,3,1
P00726,RND,0,0,0,0,0,0,0
P00727,RND,1,4,1,1,0,3,2
P00728,RND,1,4,2,1,1,3,2
P00729,RND,1,4,0,0,0,3,3
P00730,RND,1,5,1,1,1,2,2
P00731,RND,0,0,0,0,0,0,0
P00732,RND,1,4,0,1,0,4,2
P00733,RND,1,4,0,1,0,2,2
P00734,RND,1,4,1,0,0,2,2
P00735,RND,1,5,1,1,0,2,2
P00736,RND,1,4,1,1,1,3,3
P00737,RND,1,5,0,0,0,3,1
P00738,RND,0,0,0,0,0,0,0
P00739,RND,1,4,0,0,0,4,3
P00740,RND,1,3,2,0,1,4,4
P00741,OPS_IT_A,1,4,2,1,1,2,2
P00742,OPS_IT_A,0,0,0,0,0,0,0
P00743,OPS_IT_A,0,0,0,0,0,0,0
P00744,OPS_IT_A,0,0,0,0,0,0,0
P00745,OPS_IT_A,1,4,0,1,0,2,1
P00746,OPS_IT_A,1,5,4,0,2,3,3
P00747,OPS_IT_A,1,3,2,0,1,4,3
P00748,OPS_IT_A,0,0,0,0,0,0,0
P00749,OPS_IT_A,0,0,0,0,0,0,0
P00750,OPS_IT_A,0,0,0,0,0,0,0
P00751,OPS_IT_A,1,5,1,1,0,3,2
P00752,OPS_IT_A,0,0,0,0,0,0,0
P00753,OPS_IT_A,0,0,0,0,0,0,0
P00754,OPS_IT_A,0,0,0,0,0,0,0
P00755,OPS_IT_A,1,3,2,0,1,2,0
P00756,OPS_IT_A,0,0,0,0,0,0,0
P00757,OPS_IT_A,1,3,0,0,0,4,3
P00758,OPS_IT_A,1,3,0,1,0,4,4
P00759,OPS_IT_A,1,4,3,0,2,2,1
P00760,OPS_IT_A,0,0,0,0,0,0,0
P00761,OPS_IT_A,1,3,3,0,3,2,1
P00762,OPS_IT_A,0,0,0,0,0,0,0
P00763,OPS_IT_A,1,4,0,0,0,4,1
P00764,OPS_IT_A,1,5,2,0,1,3,0
P00765,OPS_IT_A,1,5,3,0,1,2,2
P00766,OPS_IT_A,1,5,2,1,0,2,1
P00767,OPS_IT_A,1,4,2,0,1,3,3
P00768,OPS_IT_A,0,0,0,0,0,0,0
P00769,OPS_IT_A,0,0,0,0,0,0,0
P00770,OPS_IT_A,1,4,1,0,0,2,1
P00771,OPS_IT_A,1,4,1,0,0,3,1
P00772,OPS_IT_A,0,0,0,0,0,0,0
P00773,OPS_IT_A,1,4,0,0,0,2,1
P00774,OPS_IT_A,1,4,0,0,0,4,2
P00775,OPS_IT_A,0,0,0,0,0,0,0
P00776,OPS_IT_A,1,5,2,0,2,3,1
P00777,OPS_IT_A,1,4,0,0,0,4,1
P00778,OPS_IT_A,0,0,0,0,0,0,0
P00779,OPS_IT_A,1,3,0,0,0,2,2
P00780,OPS_IT_A,0,0,0,0,0,0,0
P00781,OPS_IT_A,1,4,1,0,1,4,2
P00782,OPS_IT_A,1,3,2,0,0,4,2
P00783,OPS_IT_A,1,3,1,0,0,3,2
P00784,OPS_IT_A,0,0,0,0,0,0,0
P00785,OPS_IT_A,0,0,0,0,0,0,0
P00786,OPS_IT_A,1,3,1,0,0,4,2
P00787,OPS_IT_A,0,0,0,0,0,0,0
P00788,OPS_IT_A,0,0,0,0,0,0,0
P00789,OPS_IT_A,1,4,2,0,2,4,1
P00790,OPS_IT_A,1,4,0,0,0,3,0
P00791,OPS_IT_A,0,0,0,0,0,0,0
P00792,OPS_IT_A,0,0,0,0,0,0,0
P00793,OPS_IT_A,1,4,1,0,0,3,0
P00794,OPS_IT_A,0,0,0,0,0,0,0
P00795,OPS_IT_A,1,5,3,1,0,3,1
P00796,OPS_IT_A,0,0,0,0,0,0,0
P00797,OPS_IT_A,1,4,0,1,0,3,2
P00798,OPS_IT_A,1,3,0,0,0,3,1
P00799,OPS_IT_A,0,0,0,0,0,0,0
P00800,OPS_IT_A,1,4,1,0,0,2,2
P00801,OPS_IT_A,0,0,0,0,0,0,0
P00802,OPS_IT_A,1,4,1,0,1,4,1
P00803,OPS_IT_A,1,4,0,1,0,2,1
P00804,OPS_IT_A,0,0,0,0,0,0,0
P00805,OPS_IT_A,0,0,0,0,0,0,0
P00806,OPS_IT_A,1,4,2,0,0,2,0
P00807,OPS_IT_A,1,3,0,0,0,2,1
P00808,OPS_IT_A,1,4,2,1,1,3,1
P00809,OPS_IT_A,1,5,2,0,2,4,4
P00810,OPS_IT_A,0,0,0,0,0,0,0
P00811,OPS_IT_A,1,3,0,1,0,2,1
P00812,OPS_IT_A,0,0,0,0,0,0,0
P00813,OPS_IT_A,1,4,2,0,0,3,0
P00814,OPS_IT_A,0,0,0,0,0,0,0
P00815,OPS_IT_A,0,0,0,0,0,0,0
P00816,OPS_IT_A,0,0,0,0,0,0,0
P00817,OPS_IT_A,0,0,0,0,0,0,0
P00818,OPS_IT_A,0,0,0,0,0,0,0
P00819,OPS_IT_A,1,4,0,0,0,4,3
P00820,OPS_IT_A,1,5,2,0,1,4,3
P00821,OPS_IT_A,1,3,1,0,1,4,3
P00822,OPS_IT_A,1,4,0,0,0,3,1
P00823,OPS_IT_A,1,5,2,0,1,3,1
P00824,OPS_IT_A,1,4,1,0,1,3,0
P00825,OPS_IT_A,0,0,0,0,0,0,0
P00826,OPS_IT_A,0,0,0,0,0,0,0
P00827,OPS_IT_A,0,0,0,0,0,0,0
P00828,OPS_IT_A,0,0,0,0,0,0,0
P00829,OPS_IT_A,1,4,2,0,1,2,2
P00830,OPS_IT_A,0,0,0,0,0,0,0
P00831,OPS_IT_A,1,5,1,0,1,3,3
P00832,OPS_IT_A,1,3,0,0,0,3,2
P00833,OPS_IT_A,1,4,4,0,1,2,0
P00834,OPS_IT_A,0,0,0,0,0,0,0
P00835,OPS_IT_A,1,3,0,1,0,3,1
P00836,OPS_IT_A,0,0,0,0,0,0,0
P00837,OPS_IT_A,1,3,1,0,1,2,1
P00838,OPS_IT_A,1,5,2,1,0,2,2
P00839,OPS_IT_A,1,5,0,1,0,2,2
P00840,OPS_IT_A,1,4,2,0,0,3,2
P00841,OPS_IT_A,0,0,0,0,0,0,0
P00842,OPS_IT_A,0,0,0,0,0,0,0
P00843,OPS_IT_A,0,0,0,0,0,0,0
P00844,OPS_IT_A,1,4,1,0,0,3,3
P00845,OPS_IT_A,1,4,1,0,0,3,2
P00846,OPS_IT_A,1,4,0,1,0,3,2
P00847,OPS_IT_A,0,0,0,0,0,0,0
P00848,OPS_IT_A,0,0,0,0,0,0,0
P00849,OPS_IT_A,0,0,0,0,0,0,0
P00850,OPS_IT_A,0,0,0,0,0,0,0
P00851,OPS_IT_A,0,0,0,0,0,0,0
P00852,OPS_IT_A,0,0,0,0,0,0,0
P00853,OPS_IT_A,1,4,2,0,1,4,2
P00854,OPS_IT_A,1,4,2,0,1,3,3
P00855,OPS_IT_A,1,5,1,0,0,3,1
P00856,OPS_IT_A,0,0,0,0,0,0,0
P00857,OPS_IT_A,0,0,0,0,0,0,0
P00858,OPS_IT_A,1,4,0,0,0,2,1
P00859,OPS_IT_A,0,0,0,0,0,0,0
P00860,OPS_IT_A,0,0,0,0,0,0,0
P00861,OPS_IT_A,1,5,1,0,1,3,3
P00862,OPS_IT_A,1,4,0,0,0,2,2
P00863,OPS_IT_A,1,3,0,0,0,3,3
P00864,OPS_IT_A,0,0,0,0,0,0,0
P00865,OPS_IT_A,1,3,1,0,0,3,2
P00866,OPS_IT_A,0,0,0,0,0,0,0
P00867,OPS_IT_A,1,4,2,0,1,3,3
P00868,OPS_IT_A,1,4,0,0,0,3,3
P00869,OPS_IT_A,0,0,0,0,0,0,0
P00870,OPS_IT_A,0,0,0,0,0,0,0
P00871,OPS_IT_A,0,0,0,0,0,0,0
P00872,OPS_IT_A,0,0,0,0,0,0,0
P00873,OPS_IT_A,0,0,0,0,0,0,0
P00874,OPS_IT_A,1,4,2,0,1,3,3
P00875,OPS_IT_A,1,5,1,0,0,4,3
P00876,OPS_IT_A,1,4,3,1,2,3,2
P00877,OPS_IT_A,0,0,0,0,0,0,0
P00878,OPS_IT_A,1,4,0,0,0,3,1
P00879,OPS_IT_A,0,0,0,0,0,0,0
P00880,OPS_IT_A,1,3,1,0,1,3,1
P00881,OPS_IT_A,0,0,0,0,0,0,0
P00882,OPS_IT_A,1,4,1,1,0,4,2
P00883,OPS_IT_A,0,0,0,0,0,0,0
P00884,OPS_IT_A,0,0,0,0,0,0,0
P00885,OPS_IT_A,1,5,1,0,0,2,0
P00886,OPS_IT_A,1,4,2,0,1,3,1
P00887,OPS_IT_A,1,4,0,0,0,2,1
P00888,OPS_IT_A,0,0,0,0,0,0,0
P00889,OPS_IT_A,1,4,2,0,1,4,3
P00890,OPS_IT_A,1,3,0,0,0,2,1
P00891,OPS_IT_A,0,0,0,0,0,0,0
P00892,OPS_IT_A,1,4,3,0,0,3,2
P00893,OPS_IT_A,1,5,2,0,1,4,3
P00894,OPS_IT_A,0,0,0,0,0,0,0
P00895,OPS_IT_A,1,5,2,0,0,4,2
P00896,OPS_IT_A,0,0,0,0,0,0,0
P00897,OPS_IT_A,0,0,0,0,0,0,0
P00898,OPS_IT_A,0,0,0,0,0,0,0
P00899,OPS_IT_A,0,0,0,0,0,0,0
P00900,OPS_IT_A,1,3,1,0,0,3,1
P00901,OPS_IT_A,0,0,0,0,0,0,0
P00902,OPS_IT_A,1,3,1,2,1,3,0
P00903,OPS_IT_A,0,0,0,0,0,0,0
P00904,OPS_IT_A,1,4,1,1,1,2,0
P00905,OPS_IT_A,1,4,1,0,1,2,1
P00906,OPS_IT_A,1,3,0,0,0,4,2
P00907,OPS_IT_A,1,5,0,1,0,2,2
P00908,OPS_IT_A,1,3,2,0,1,2,1
P00909,OPS_IT_A,1,3,0,0,0,3,1
P00910,OPS_IT_A,1,5,2,0,2,3,2
P00911,OPS_IT_A,1,5,0,0,0,3,2
P00912,OPS_IT_A,1,5,4,0,1,2,2
P00913,OPS_IT_A,0,0,0,0,0,0,0
P00914,OPS_IT_A,0,0,0,0,0,0,0
P00915,OPS_IT_A,1,5,2,0,1,3,3
P00916,OPS_IT_A,1,3,1,0,1,3,1
P00917,OPS_IT_A,0,0,0,0,0,0,0
P00918,OPS_IT_A,1,3,2,0,0,4,2
P00919,OPS_IT_A,1,5,0,0,0,4,3
P00920,OPS_IT_A,0,0,0,0,0,0,0
P00921,OPS_IT_A,1,5,3,0,3,2,2
P00922,OPS_IT_A,1,5,3,1,2,2,1
P00923,OPS_IT_A,0,0,0,0,0,0,0
P00924,OPS_IT_A,1,3,1,0,1,2,1
P00925,OPS_IT_A,1,3,2,0,2,2,1
P00926,OPS_IT_A,0,0,0,0,0,0,0
P00927,OPS_IT_A,1,4,2,0,1,2,0
P00928,OPS_IT_A,1,4,1,0,0,2,1
P00929,OPS_IT_A,1,4,0,0,0,3,2
P00930,OPS_IT_A,1,5,0,0,0,3,1
P00931,OPS_IT_A,1,3,1,0,1,2,1
P00932,OPS_IT_A,0,0,0,0,0,0,0
P00933,OPS_IT_A,1,5,1,0,1,3,2
P00934,OPS_IT_A,0,0,0,0,0,0,0
P00935,OPS_IT_A,1,4,0,0,0,3,2
P00936,OPS_IT_A,1,4,0,0,0,2,1
P00937,OPS_IT_A,1,4,1,0,1,3,2
P00938,OPS_IT_A,1,4,0,0,0,3,1
P00939,OPS_IT_A,1,4,0,0,0,4,4
P00940,OPS_IT_A,1,3,1,0,0,4,2
P00941,OPS_IT_A,0,0,0,0,0,0,0
P00942,OPS_IT_A,0,0,0,0,0,0,0
P00943,OPS_IT_A,0,0,0,0,0,0,0
P00944,OPS_IT_A,0,0,0,0,0,0,0
P00945,OPS_IT_A,1,4,2,0,1,4,1
P00946,OPS_IT_A,1,4,1,0,1,3,0
P00947,OPS_IT_A,1,4,1,0,0,4,3
P00948,OPS_IT_A,0,0,0,0,0,0,0
P00949,OPS_IT_A,0,0,0,0,0,0,0
P00950,OPS_IT_A,0,0,0,0,0,0,0
P00951,OPS_IT_A,1,4,2,0,0,2,1
P00952,OPS_IT_A,1,5,2,0,1,3,3
P00953,OPS_IT_A,0,0,0,0,0,0,0
P00954,OPS_IT_A,1,3,2,0,1,2,1
P00955,OPS_IT_A,1,3,2,0,0,3,3
P00956,OPS_IT_A,1,5,2,0,2,3,3
P00957,OPS_IT_A,1,4,1,0,1,3,2
P00958,OPS_IT_A,1,4,1,1,1,4,3
P00959,OPS_IT_A,0,0,0,0,0,0,0
P00960,OPS_IT_A,0,0,0,0,0,0,0
P00961,OPS_IT_A,1,5,0,0,0,3,3
P00962,OPS_IT_A,1,4,0,0,0,3,2
P00963,OPS_IT_A,1,3,0,0,0,4,1
P00964,OPS_IT_A,1,4,1,0,0,3,1
P00965,OPS_IT_A,0,0,0,0,0,0,0
P00966,OPS_IT_A,1,5,1,0,1,3,3
P00967,OPS_IT_A,0,0,0,0,0,0,0
P00968,OPS_IT_A,1,4,0,0,0,4,2
P00969,OPS_IT_A,0,0,0,0,0,0,0
P00970,OPS_IT_A,1,3,0,0,0,4,3
P00971,OPS_IT_A,1,4,0,0,0,3,1
P00972,OPS_IT_A,1,4,2,1,2,3,0
P00973,OPS_IT_A,0,0,0,0,0,0,0
P00974,OPS_IT_A,0,0,0,0,0,0,0
P00975,OPS_IT_A,1,3,2,0,1,2,1
P00976,OPS_IT_A,0,0,0,0,0,0,0
P00977,OPS_IT_A,0,0,0,0,0,0,0
P00978,OPS_IT_A,1,5,2,2,1,4,2
P00979,OPS_IT_A,1,3,0,0,0,2,0
P00980,OPS_IT_A,0,0,0,0,0,0,0
P00981,OPS_IT_A,0,0,0,0,0,0,0
P00982,OPS_IT_A,1,4,2,0,2,3,3
P00983,OPS_IT_A,0,0,0,0,0,0,0
P00984,OPS_IT_A,0,0,0,0,0,0,0
P00985,OPS_IT_A,1,4,0,0,0,3,2
P00986,OPS_IT_A,1,4,1,0,0,2,2
P00987,OPS_IT_A,1,3,1,0,1,3,3
P00988,OPS_IT_A,1,3,2,0,2,3,3
P00989,OPS_IT_A,0,0,0,0,0,0,0
P00990,OPS_IT_A,1,4,1,0,0,4,1
P00991,OPS_IT_A,1,5,1,1,0,3,2
P00992,OPS_IT_A,1,3,2,0,1,3,1
P00993,OPS_IT_A,1,5,0,0,0,2,1
P00994,OPS_IT_A,0,0,0,0,0,0,0
P00995,OPS_IT_A,1,3,0,0,0,3,2
P00996,OPS_IT_A,1,5,4,0,2,2,2
P00997,OPS_IT_A,1,3,1,0,1,3,0
P00998,OPS_IT_A,1,4,2,0,1,3,2
P00999,OPS_IT_A,1,5,1,0,0,2,2
P01000,OPS_IT_A,1,4,0,0,0,4,3
P01001,OPS_IT_A,1,3,1,0,0,3,1
P01002,OPS_IT_A,0,0,0,0,0,0,0
P01003,OPS_IT_A,1,4,1,0,0,3,2
P01004,OPS_IT_A,0,0,0,0,0,0,0
P01005,OPS_IT_A,1,5,2,1,0,4,3
P01006,OPS_IT_A,1,4,2,0,2,3,0
P01007,OPS_IT_A,0,0,0,0,0,0,0
P01008,OPS_IT_A,0,0,0,0,0,0,0
P01009,OPS_IT_A,0,0,0,0,0,0,0
P01010,OPS_IT_A,1,4,1,0,0,2,0
P01011,OPS_IT_A,1,4,1,0,1,3,2
P01012,OPS_IT_A,0,0,0,0,0,0,0
P01013,OPS_IT_A,1,4,1,0,0,3,2
P01014,OPS_IT_A,0,0,0,0,0,0,0
P01015,OPS_IT_A,1,5,3,0,1,3,0
P01016,OPS_IT_A,1,3,0,0,0,3,2
P01017,OPS_IT_A,1,4,0,1,0,3,2
P01018,OPS_IT_A,1,3,3,0,1,3,1
P01019,OPS_IT_A,1,4,1,0,0,4,4
P01020,OPS_IT_A,1,4,0,1,0,4,3
P01021,OPS_IT_A,1,5,3,0,1,3,2
P01022,OPS_IT_A,1,3,3,0,1,4,2
P01023,OPS_IT_A,0,0,0,0,0,0,0
P01024,OPS_IT_A,0,0,0,0,0,0,0
P01025,OPS_IT_A,1,3,0,0,0,3,0
P01026,OPS_IT_A,0,0,0,0,0,0,0
P01027,OPS_IT_A,0,0,0,0,0,0,0
P01028,OPS_IT_A,1,4,2,1,1,4,2
P01029,OPS_IT_A,1,4,0,0,0,3,2
P01030,OPS_IT_A,0,0,0,0,0,0,0
P01031,OPS_IT_A,1,4,1,2,0,3,1
P01032,OPS_IT_A,1,5,0,0,0,4,1
P01033,OPS_IT_A,0,0,0,0,0,0,0
P01034,OPS_IT_A,1,5,2,0,1,4,0
P01035,OPS_IT_A,1,4,0,0,0,3,2
P01036,OPS_IT_A,0,0,0,0,0,0,0
P01037,OPS_IT_A,1,5,2,0,2,3,1
P01038,OPS_IT_A,0,0,0,0,0,0,0
P01039,OPS_IT_A,0,0,0,0,0,0,0
P01040,OPS_IT_A,1,4,1,0,1,3,0
P01041,OPS_IT_A,0,0,0,0,0,0,0
P01042,OPS_IT_A,0,0,0,0,0,0,0
P01043,OPS_IT_A,1,4,2,2,1,2,0
P01044,OPS_IT_A,1,4,1,1,1,4,1
P01045,OPS_IT_A,0,0,0,0,0,0,0
P01046,OPS_IT_A,0,0,0,0,0,0,0
P01047,OPS_IT_A,0,0,0,0,0,0,0
P01048,OPS_IT_A,0,0,0,0,0,0,0
P01049,OPS_IT_A,0,0,0,0,0,0,0
P01050,OPS_IT_A,1,4,0,0,0,4,3
P01051,OPS_IT_A,1,3,1,0,1,3,3
P01052,OPS_IT_A,1,5,2,0,1,4,0
P01053,OPS_IT_A,0,0,0,0,0,0,0
P01054,OPS_IT_A,1,5,2,1,1,3,2
P01055,OPS_IT_A,0,0,0,0,0,0,0
P01056,OPS_IT_A,1,4,1,0,0,4,2
P01057,OPS_IT_A,1,5,1,0,1,2,1
P01058,OPS_IT_A,0,0,0,0,0,0,0
P01059,OPS_IT_A,1,4,1,0,0,2,0
P01060,OPS_IT_A,0,0,0,0,0,0,0
P01061,OPS_IT_A,0,0,0,0,0,0,0
P01062,OPS_IT_A,1,5,2,0,1,3,0
P01063,OPS_IT_A,1,5,0,0,0,4,3
P01064,OPS_IT_A,1,4,0,0,0,3,2
P01065,OPS_IT_A,1,4,1,0,1,3,2
P01066,OPS_IT_A,0,0,0,0,0,0,0
P01067,OPS_IT_A,0,0,0,0,0,0,0
P01068,OPS_IT_A,0,0,0,0,0,0,0
P01069,OPS_IT_A,1,3,1,0,1,2,1
P01070,OPS_IT_A,1,5,3,0,2,4,2
P01071,OPS_IT_A,0,0,0,0,0,0,0
P01072,OPS_IT_A,0,0,0,0,0,0,0
P01073,OPS_IT_A,0,0,0,0,0,0,0
P01074,OPS_IT_A,0,0,0,0,0,0,0
P01075,OPS_IT_A,0,0,0,0,0,0,0
P01076,OPS_IT_A,0,0,0,0,0,0,0
P01077,OPS_IT_A,0,0,0,0,0,0,0
P01078,OPS_IT_A,1,4,3,0,0,3,2
P01079,OPS_IT_A,1,3,1,0,1,2,1
P01080,OPS_IT_A,1,4,1,0,1,3,2
P01081,OPS_IT_A,1,5,5,0,3,2,0
P01082,OPS_IT_A,0,0,0,0,0,0,0
P01083,OPS_IT_A,1,5,2,0,1,3,1
P01084,OPS_IT_A,1,4,1,0,0,4,0
P01085,OPS_IT_A,0,0,0,0,0,0,0
P01086,OPS_IT_A,0,0,0,0,0,0,0
P01087,OPS_IT_A,1,4,2,0,2,3,1
P01088,OPS_IT_A,1,5,1,0,1,4,1
P01089,OPS_IT_A,0,0,0,0,0,0,0
P01090,OPS_IT_A,1,4,1,0,0,4,1
P01091,OPS_IT_A,1,4,0,0,0,3,2
P01092,OPS_IT_A,0,0,0,0,0,0,0
P01093,OPS_IT_A,1,5,4,0,3,4,3
P01094,OPS_IT_A,1,4,3,0,2,3,2
P01095,OPS_IT_A,1,3,1,0,0,3,2
P01096,OPS_IT_A,1,4,2,0,0,4,3
P01097,OPS_IT_A,1,5,0,1,0,3,3
P01098,OPS_IT_A,1,3,0,1,0,3,2
P01099,OPS_IT_A,1,3,1,0,1,4,1
P01100,OPS_IT_A,0,0,0,0,0,0,0
P01101,OPS_IT_A,1,4,2,1,0,3,1
P01102,OPS_IT_A,1,3,2,0,0,3,1
P01103,OPS_IT_A,0,0,0,0,0,0,0
P01104,OPS_IT_A,0,0,0,0,0,0,0
P01105,OPS_IT_A,1,3,1,0,0,3,2
P01106,OPS_IT_A,0,0,0,0,0,0,0
P01107,OPS_IT_A,0,0,0,0,0,0,0
P01108,OPS_IT_A,1,4,2,0,1,3,1
P01109,OPS_IT_A,0,0,0,0,0,0,0
P01110,OPS_IT_A,1,5,0,0,0,3,1
P01111,OPS_IT_A,1,4,1,0,0,2,2
P01112,OPS_IT_A,0,0,0,0,0,0,0
P01113,OPS_IT_A,1,3,1,0,1,2,0
P01114,OPS_IT_A,1,5,1,0,0,3,3
P01115,OPS_IT_A,1,4,0,0,0,4,4
P01116,OPS_IT_A,0,0,0,0,0,0,0
P01117,OPS_IT_A,1,4,2,0,0,3,2
P01118,OPS_IT_A,0,0,0,0,0,0,0
P01119,OPS_IT_A,0,0,0,0,0,0,0
P01120,OPS_IT_A,0,0,0,0,0,0,0
P01121,OPS_IT_A,1,3,2,0,1,3,1
P01122,OPS_IT_A,0,0,0,0,0,0,0
P01123,OPS_IT_A,1,4,4,0,2,3,0
P01124,OPS_IT_A,0,0,0,0,0,0,0
P01125,OPS_IT_A,0,0,0,0,0,0,0
P01126,OPS_IT_A,1,4,2,0,1,3,0
P01127,OPS_IT_A,1,5,1,0,1,3,2
P01128,OPS_IT_A,1,3,0,0,0,3,2
P01129,OPS_IT_A,1,4,1,1,0,2,1
P01130,OPS_IT_A,0,0,0,0,0,0,0
P01131,OPS_IT_A,1,4,1,0,1,2,1
P01132,OPS_IT_A,0,0,0,0,0,0,0
P01133,OPS_IT_A,1,3,2,0,2,4,4
P01134,OPS_IT_A,0,0,0,0,0,0,0
P01135,OPS_IT_A,1,5,3,0,0,3,0
P01136,OPS_IT_A,1,4,2,1,1,3,2
P01137,OPS_IT_A,1,4,0,0,0,4,3
P01138,OPS_IT_A,1,4,0,0,0,3,1
P01139,OPS_IT_A,0,0,0,0,0,0,0
P01140,OPS_IT_A,0,0,0,0,0,0,0
P01141,OPS_IT_A,1,5,1,0,0,3,3
P01142,OPS_IT_A,0,0,0,0,0,0,0
P01143,OPS_IT_A,1,3,2,0,2,2,1
P01144,OPS_IT_A,0,0,0,0,0,0,0
P01145,OPS_IT_A,1,5,0,0,0,4,1
P01146,OPS_IT_A,1,3,0,0,0,4,4
P01147,OPS_IT_A,1,3,0,0,0,2,2
P01148,OPS_IT_A,1,4,1,0,0,3,1
P01149,OPS_IT_A,0,0,0,0,0,0,0
P01150,OPS_IT_A,1,4,1,0,1,3,1
P01151,OPS_IT_A,1,4,0,0,0,2,1
P01152,OPS_IT_A,1,5,1,1,1,4,2
P01153,OPS_IT_A,1,4,3,0,1,3,2
P01154,OPS_IT_A,0,0,0,0,0,0,0
P01155,OPS_IT_A,0,0,0,0,0,0,0
P01156,OPS_IT_A,0,0,0,0,0,0,0
P01157,OPS_IT_A,0,0,0,0,0,0,0
P01158,OPS_IT_A,1,5,2,0,0,2,1
P01159,OPS_IT_A,1,3,0,0,0,3,3
P01160,OPS_IT_A,1,3,1,0,1,2,1
P01161,OPS_IT_A,0,0,0,0,0,0,0
P01162,OPS_IT_A,1,4,1,1,0,4,1
P01163,OPS_IT_A,1,4,1,0,1,4,3
P01164,OPS_IT_A,0,0,0,0,0,0,0
P01165,OPS_IT_A,1,4,1,0,1,4,2
P01166,OPS_IT_A,0,0,0,0,0,0,0
P01167,OPS_IT_A,0,0,0,0,0,0,0
P01168,OPS_IT_A,0,0,0,0,0,0,0
P01169,OPS_IT_A,0,0,0,0,0,0,0
P01170,OPS_IT_A,0,0,0,0,0,0,0
P01171,OPS_IT_A,1,4,0,0,0,3,1
P01172,OPS_IT_A,1,5,0,0,0,4,3
P01173,OPS_IT_A,1,5,2,0,0,2,0
P01174,OPS_IT_A,0,0,0,0,0,0,0
P01175,OPS_IT_A,1,5,0,0,0,4,3
P01176,OPS_IT_A,1,4,2,0,0,2,1
P01177,OPS_IT_A,0,0,0,0,0,0,0
P01178,OPS_IT_A,1,3,1,0,1,2,0
P01179,OPS_IT_A,0,0,0,0,0,0,0
P01180,OPS_IT_A,0,0,0,0,0,0,0
P01181,OPS_IT_B,1,5,1,0,1,2,2
P01182,OPS_IT_B,1,4,0,1,0,3,2
P01183,OPS_IT_B,0,0,0,0,0,0,0
P01184,OPS_IT_B,1,3,0,0,0,3,1
P01185,OPS_IT_B,0,0,0,0,0,0,0
P01186,OPS_IT_B,0,0,0,0,0,0,0
P01187,OPS_IT_B,1,3,1,0,0,3,2
P01188,OPS_IT_B,0,0,0,0,0,0,0
P01189,OPS_IT_B,1,4,2,1,1,3,1
P01190,OPS_IT_B,0,0,0,0,0,0,0
P01191,OPS_IT_B,0,0,0,0,0,0,0
P01192,OPS_IT_B,1,3,0,0,0,3,2
P01193,OPS_IT_B,1,5,2,0,1,3,2
P01194,OPS_IT_B,1,4,0,0,0,3,3
P01195,OPS_IT_B,1,3,0,0,0,2,1
P01196,OPS_IT_B,1,4,2,0,1,3,1
P01197,OPS_IT_B,1,4,0,0,0,2,2
P01198,OPS_IT_B,0,0,0,0,0,0,0
P01199,OPS_IT_B,1,4,0,0,0,4,2
P01200,OPS_IT_B,0,0,0,0,0,0,0
P01201,OPS_IT_B,0,0,0,0,0,0,0
P01202,OPS_IT_B,1,3,1,0,1,2,1
P01203,OPS_IT_B,0,0,0,0,0,0,0
P01204,OPS_IT_B,1,4,1,0,0,3,3
P01205,OPS_IT_B,1,4,4,0,1,3,3
P01206,OPS_IT_B,1,5,1,0,0,4,3
P01207,OPS_IT_B,1,4,0,1,0,2,2
P01208,OPS_IT_B,1,5,4,0,0,4,2
P01209,OPS_IT_B,1,3,1,2,0,3,3
P01210,OPS_IT_B,0,0,0,0,0,0,0
P01211,OPS_IT_B,0,0,0,0,0,0,0
P01212,OPS_IT_B,1,4,1,0,0,3,2
P01213,OPS_IT_B,0,0,0,0,0,0,0
P01214,OPS_IT_B,0,0,0,0,0,0,0
P01215,OPS_IT_B,1,5,2,0,1,4,4
P01216,OPS_IT_B,1,4,2,0,1,2,1
P01217,OPS_IT_B,1,3,1,0,0,3,1
P01218,OPS_IT_B,1,5,0,0,0,2,1
P01219,OPS_IT_B,1,3,0,1,0,3,3
P01220,OPS_IT_B,0,0,0,0,0,0,0
P01221,OPS_IT_B,0,0,0,0,0,0,0
P01222,OPS_IT_B,1,4,3,1,1,4,1
P01223,OPS_IT_B,0,0,0,0,0,0,0
P01224,OPS_IT_B,0,0,0,0,0,0,0
P01225,OPS_IT_B,0,0,0,0,0,0,0
P01226,OPS_IT_B,1,4,1,1,0,3,1
P01227,OPS_IT_B,1,4,2,0,0,3,3
P01228,OPS_IT_B,1,3,1,0,0,3,2
P01229,OPS_IT_B,1,3,1,1,0,4,2
P01230,OPS_IT_B,1,5,0,0,0,2,2
P01231,OPS_IT_B,1,3,1,0,0,3,2
P01232,OPS_IT_B,1,4,3,0,3,3,2
P01233,OPS_IT_B,1,3,0,0,0,2,1
P01234,OPS_IT_B,1,4,1,1,0,3,3
P01235,OPS_IT_B,0,0,0,0,0,0,0
P01236,OPS_IT_B,1,3,0,0,0,2,1
P01237,OPS_IT_B,1,4,1,1,0,3,1
P01238,OPS_IT_B,1,4,1,0,1,3,3
P01239,OPS_IT_B,1,4,3,0,1,2,2
P01240,OPS_IT_B,1,3,1,0,0,4,3
P01241,OPS_IT_B,1,4,0,1,0,4,3
P01242,OPS_IT_B,1,4,1,1,0,3,2
P01243,OPS_IT_B,1,5,2,0,2,3,2
P01244,OPS_IT_B,1,3,2,0,1,3,2
P01245,OPS_IT_B,1,4,1,0,1,2,0
P01246,OPS_IT_B,1,4,1,0,0,2,1
P01247,OPS_IT_B,1,5,1,0,1,2,2
P01248,OPS_IT_B,0,0,0,0,0,0,0
P01249,OPS_IT_B,0,0,0,0,0,0,0
P01250,OPS_IT_B,0,0,0,0,0,0,0
P01251,OPS_IT_B,0,0,0,0,0,0,0
P01252,OPS_IT_B,1,4,0,0,0,3,2
P01253,OPS_IT_B,0,0,0,0,0,0,0
P01254,OPS_IT_B,0,0,0,0,0,0,0
P01255,OPS_IT_B,0,0,0,0,0,0,0
P01256,OPS_IT_B,0,0,0,0,0,0,0
P01257,OPS_IT_B,1,4,1,1,0,3,3
P01258,OPS_IT_B,1,4,1,0,1,2,0
P01259,OPS_IT_B,1,3,0,0,0,3,2
P01260,OPS_IT_B,0,0,0,0,0,0,0
P01261,OPS_IT_B,1,3,0,0,0,3,2
P01262,OPS_IT_B,1,4,1,0,1,2,2
P01263,OPS_IT_B,1,4,1,0,1,2,2
P01264,OPS_IT_B,0,0,0,0,0,0,0
P01265,OPS_IT_B,0,0,0,0,0,0,0
P01266,OPS_IT_B,1,4,1,0,0,4,3
P01267,OPS_IT_B,0,0,0,0,0,0,0
P01268,OPS_IT_B,0,0,0,0,0,0,0
P01269,OPS_IT_B,1,4,1,1,1,4,0
P01270,OPS_IT_B,1,3,1,1,1,2,1
P01271,OPS_IT_B,1,4,1,2,0,2,1
P01272,OPS_IT_B,1,4,1,0,0,2,1
P01273,OPS_IT_B,1,4,3,0,2,2,1
P01274,OPS_IT_B,0,0,0,0,0,0,0
P01275,OPS_IT_B,1,4,1,0,1,3,1
P01276,OPS_IT_B,1,4,1,0,1,4,1
P01277,OPS_IT_B,1,5,1,1,0,2,2
P01278,OPS_IT_B,0,0,0,0,0,0,0
P01279,OPS_IT_B,1,3,0,0,0,4,2
P01280,OPS_IT_B,1,3,1,0,0,4,3
P01281,OPS_IT_B,1,5,1,0,1,2,2
P01282,OPS_IT_B,0,0,0,0,0,0,0
P01283,OPS_IT_B,0,0,0,0,0,0,0
P01284,OPS_IT_B,1,4,2,1,1,4,3
P01285,OPS_IT_B,1,3,2,0,2,3,3
P01286,OPS_IT_B,0,0,0,0,0,0,0
P01287,OPS_IT_B,1,3,1,0,1,3,2
P01288,OPS_IT_B,1,5,0,0,0,4,3
P01289,OPS_IT_B,0,0,0,0,0,0,0
P01290,OPS_IT_B,1,4,1,0,0,3,1
P01291,OPS_IT_B,1,4,1,0,1,3,2
P01292,OPS_IT_B,1,3,1,0,1,4,1
P01293,OPS_IT_B,1,4,0,0,0,3,1
P01294,OPS_IT_B,0,0,0,0,0,0,0
P01295,OPS_IT_B,1,5,2,0,0,3,3
P01296,OPS_IT_B,0,0,0,0,0,0,0
P01297,OPS_IT_B,1,5,3,0,1,3,2
P01298,OPS_IT_B,1,4,1,1,0,3,2
P01299,OPS_IT_B,1,3,0,0,0,2,2
P01300,OPS_IT_B,1,5,2,0,1,3,0
P01301,OPS_IT_B,1,5,2,0,1,3,1
P01302,OPS_IT_B,0,0,0,0,0,0,0
P01303,OPS_IT_B,0,0,0,0,0,0,0
P01304,OPS_IT_B,1,3,1,1,1,3,1
P01305,OPS_IT_B,1,3,0,0,0,2,1
P01306,OPS_IT_B,1,4,0,0,0,3,1
P01307,OPS_IT_B,1,4,1,0,1,2,2
P01308,OPS_IT_B,1,5,2,0,0,2,2
P01309,OPS_IT_B,0,0,0,0,0,0,0
P01310,OPS_IT_B,1,4,1,0,0,3,2
P01311,OPS_IT_B,1,4,2,0,0,3,1
P01312,OPS_IT_B,1,4,1,0,0,3,1
P01313,OPS_IT_B,0,0,0,0,0,0,0
P01314,OPS_IT_B,1,4,0,0,0,3,0
P01315,OPS_IT_B,1,4,0,0,0,3,0
P01316,OPS_IT_B,1,3,0,0,0,3,3
P01317,OPS_IT_B,1,3,1,0,1,2,1
P01318,OPS_IT_B,1,5,1,1,0,3,3
P01319,OPS_IT_B,1,3,1,0,1,3,1
P01320,OPS_IT_B,0,0,0,0,0,0,0
P01321,OPS_IT_B,1,4,2,0,1,3,2
P01322,OPS_IT_B,1,4,0,1,0,3,1
P01323,OPS_IT_B,1,3,1,0,0,3,1
P01324,OPS_IT_B,0,0,0,0,0,0,0
P01325,OPS_IT_B,1,4,0,0,0,4,4
P01326,OPS_IT_B,1,5,0,0,0,2,1
P01327,OPS_IT_B,1,4,2,0,1,4,3
P01328,OPS_IT_B,1,4,1,0,1,2,2
P01329,OPS_IT_B,1,4,3,0,3,3,3
P01330,OPS_IT_B,1,3,1,0,1,3,3
P01331,OPS_IT_B,1,4,0,2,0,2,1
P01332,OPS_IT_B,1,5,0,1,0,4,3
P01333,OPS_IT_B,1,4,2,0,0,2,2
P01334,OPS_IT_B,1,3,0,0,0,3,1
P01335,OPS_IT_B,1,3,1,0,0,3,2
P01336,OPS_IT_B,1,4,1,2,0,3,2
P01337,OPS_IT_B,1,3,0,0,0,3,1
P01338,OPS_IT_B,1,4,2,0,1,3,1
P01339,OPS_IT_B,1,4,0,0,0,4,2
P01340,OPS_IT_B,1,4,2,0,1,3,1
P01341,OPS_IT_B,1,3,0,1,0,3,1
P01342,OPS_IT_B,1,3,0,0,0,2,2
P01343,OPS_IT_B,1,3,2,0,2,2,1
P01344,OPS_IT_B,1,4,1,0,0,3,3
P01345,OPS_IT_B,1,4,2,1,1,3,2
P01346,OPS_IT_B,1,5,0,0,0,4,3
P01347,OPS_IT_B,1,4,3,1,0,2,0
P01348,OPS_IT_B,0,0,0,0,0,0,0
P01349,OPS_IT_B,0,0,0,0,0,0,0
P01350,OPS_IT_B,0,0,0,0,0,0,0
P01351,OPS_IT_B,1,4,1,0,1,3,0
P01352,OPS_IT_B,1,3,0,1,0,3,1
P01353,OPS_IT_B,1,4,1,0,0,3,2
P01354,OPS_IT_B,0,0,0,0,0,0,0
P01355,OPS_IT_B,0,0,0,0,0,0,0
P01356,OPS_IT_B,1,4,0,0,0,4,2
P01357,OPS_IT_B,1,4,1,0,0,3,1
P01358,OPS_IT_B,1,4,3,0,0,4,2
P01359,OPS_IT_B,1,3,0,0,0,3,1
P01360,OPS_IT_B,1,4,1,0,1,2,1
P01361,OPS_IT_B,1,4,2,0,0,4,4
P01362,OPS_IT_B,1,4,0,0,0,4,2
P01363,OPS_IT_B,1,4,2,0,0,2,0
P01364,OPS_IT_B,1,4,1,0,1,4,3
P01365,OPS_IT_B,0,0,0,0,0,0,0
P01366,OPS_IT_B,1,4,3,0,1,3,0
P01367,OPS_IT_B,1,4,3,0,1,2,0
P01368,OPS_IT_B,0,0,0,0,0,0,0
P01369,OPS_IT_B,1,3,0,0,0,4,3
P01370,OPS_IT_B,0,0,0,0,0,0,0
P01371,OPS_IT_B,1,5,0,0,0,2,0
P01372,OPS_IT_B,0,0,0,0,0,0,0
P01373,OPS_IT_B,1,5,2,0,1,3,1
P01374,OPS_IT_B,1,4,2,0,1,4,2
P01375,OPS_IT_B,1,4,2,1,1,4,2
P01376,OPS_IT_B,1,4,0,0,0,3,1
P01377,OPS_IT_B,1,5,1,0,1,3,0
P01378,OPS_IT_B,1,5,2,1,1,3,1
P01379,OPS_IT_B,1,4,1,0,0,3,2
P01380,OPS_IT_B,1,4,1,1,1,2,1
P01381,OPS_IT_B,1,5,1,0,0,3,3
P01382,OPS_IT_B,1,5,5,0,3,4,4
P01383,OPS_IT_B,1,4,1,0,1,3,1
P01384,OPS_IT_B,1,5,2,0,1,3,2
P01385,OPS_IT_B,0,0,0,0,0,0,0
P01386,OPS_IT_B,0,0,0,0,0,0,0
P01387,OPS_IT_B,0,0,0,0,0,0,0
P01388,OPS_IT_B,1,4,2,0,0,3,3
P01389,OPS_IT_B,0,0,0,0,0,0,0
P01390,OPS_IT_B,1,3,1,0,1,2,1
P01391,OPS_IT_B,1,3,0,0,0,2,1
P01392,OPS_IT_B,1,4,0,1,0,2,2
P01393,OPS_IT_B,1,3,0,0,0,2,2
P01394,OPS_IT_B,0,0,0,0,0,0,0
P01395,OPS_IT_B,1,3,0,0,0,2,1
P01396,OPS_IT_B,1,3,1,0,1,4,1
P01397,OPS_IT_B,0,0,0,0,0,0,0
P01398,OPS_IT_B,0,0,0,0,0,0,0
P01399,OPS_IT_B,1,4,2,0,1,3,1
P01400,OPS_IT_B,0,0,0,0,0,0,0
P01401,OPS_IT_B,0,0,0,0,0,0,0
P01402,OPS_IT_B,1,4,0,0,0,2,1
P01403,OPS_IT_B,1,4,0,0,0,2,1
P01404,OPS_IT_B,1,3,0,0,0,4,2
P01405,OPS_IT_B,1,4,0,1,0,2,1
P01406,OPS_IT_B,1,4,1,0,0,4,3
P01407,OPS_IT_B,0,0,0,0,0,0,0
P01408,OPS_IT_B,0,0,0,0,0,0,0
P01409,OPS_IT_B,1,3,2,0,1,2,1
P01410,OPS_IT_B,1,4,0,0,0,3,2
P01411,OPS_IT_B,1,4,2,0,2,4,2
P01412,OPS_IT_B,0,0,0,0,0,0,0
P01413,OPS_IT_B,0,0,0,0,0,0,0
P01414,OPS_IT_B,1,5,1,1,1,2,2
P01415,OPS_IT_B,1,4,1,0,1,3,1
P01416,OPS_IT_B,1,4,1,0,1,3,2
P01417,OPS_IT_B,1,5,1,0,1,3,2
P01418,OPS_IT_B,1,3,1,0,1,3,2
P01419,OPS_IT_B,0,0,0,0,0,0,0
P01420,OPS_IT_B,1,4,1,0,0,3,3
P01421,OPS_IT_B,0,0,0,0,0,0,0
P01422,OPS_IT_B,1,3,2,0,0,3,3
P01423,OPS_IT_B,1,3,0,1,0,3,2
P01424,OPS_IT_B,0,0,0,0,0,0,0
P01425,OPS_IT_B,1,5,2,0,0,2,1
P01426,OPS_IT_B,0,0,0,0,0,0,0
P01427,OPS_IT_B,1,4,1,1,1,2,2
P01428,OPS_IT_B,1,5,3,1,0,4,2
P01429,OPS_IT_B,1,5,2,0,1,3,3
P01430,OPS_IT_B,1,4,2,1,2,4,1
P01431,OPS_IT_B,0,0,0,0,0,0,0
P01432,OPS_IT_B,0,0,0,0,0,0,0
P01433,OPS_IT_B,1,4,3,1,1,4,2
P01434,OPS_IT_B,1,3,2,0,0,3,2
P01435,OPS_IT_B,1,5,2,2,0,3,0
P01436,OPS_IT_B,0,0,0,0,0,0,0
P01437,OPS_IT_B,1,4,1,0,0,3,3
P01438,OPS_IT_B,1,4,1,0,0,3,2
P01439,OPS_IT_B,1,3,1,1,0,3,2
P01440,OPS_IT_B,0,0,0,0,0,0,0
P01441,OPS_IT_B,1,4,0,0,0,3,3
P01442,OPS_IT_B,1,5,1,3,1,2,2
P01443,OPS_IT_B,1,4,0,0,0,3,0
P01444,OPS_IT_B,1,4,1,0,0,3,2
P01445,OPS_IT_B,0,0,0,0,0,0,0
P01446,OPS_IT_B,1,4,0,0,0,2,1
P01447,OPS_IT_B,0,0,0,0,0,0,0
P01448,OPS_IT_B,0,0,0,0,0,0,0
P01449,OPS_IT_B,0,0,0,0,0,0,0
P01450,OPS_IT_B,1,4,2,0,1,2,1
P01451,OPS_IT_B,1,3,1,0,1,4,3
P01452,OPS_IT_B,1,4,1,0,1,4,3
P01453,OPS_IT_B,1,3,2,0,2,3,1
P01454,OPS_IT_B,1,5,1,0,1,2,2
P01455,OPS_IT_B,1,3,2,1,0,3,3
P01456,OPS_IT_B,1,4,1,0,0,3,2
P01457,OPS_IT_B,1,4,0,0,0,3,1
P01458,OPS_IT_B,1,5,1,0,1,3,3
P01459,OPS_IT_B,0,0,0,0,0,0,0
P01460,OPS_IT_B,0,0,0,0,0,0,0
P01461,OPS_IT_B,1,5,1,0,0,3,1
P01462,OPS_IT_B,1,4,2,0,1,3,2
P01463,OPS_IT_B,1,5,1,2,0,3,3
P01464,OPS_IT_B,0,0,0,0,0,0,0
P01465,OPS_IT_B,0,0,0,0,0,0,0
P01466,OPS_IT_B,1,5,3,0,3,3,3
P01467,OPS_IT_B,1,4,1,0,1,3,1
P01468,OPS_IT_B,1,4,1,0,1,2,1
P01469,OPS_IT_B,1,5,2,0,1,2,2
P01470,OPS_IT_B,1,4,3,0,2,4,3
P01471,OPS_IT_B,0,0,0,0,0,0,0
P01472,OPS_IT_B,1,5,2,0,1,3,0
P01473,OPS_IT_B,1,4,2,0,2,3,3
P01474,OPS_IT_B,1,4,1,0,1,2,2
P01475,OPS_IT_B,1,3,0,0,0,4,2
P01476,OPS_IT_B,1,4,0,0,0,3,1
P01477,OPS_IT_B,1,3,0,0,0,3,3
P01478,OPS_IT_B,1,4,0,0,0,4,4
P01479,OPS_IT_B,0,0,0,0,0,0,0
P01480,OPS_IT_B,1,4,2,1,2,3,2
P01481,OPS_IT_B,1,5,2,0,0,3,1
P01482,OPS_IT_B,1,4,2,1,1,3,2
P01483,OPS_IT_B,0,0,0,0,0,0,0
P01484,OPS_IT_B,1,4,0,0,0,3,3
P01485,OPS_IT_B,1,3,3,0,0,4,3
P01486,OPS_IT_B,1,4,1,0,1,3,1
P01487,OPS_IT_B,1,3,1,1,1,3,2
P01488,OPS_IT_B,0,0,0,0,0,0,0
P01489,OPS_IT_B,1,5,2,0,0,2,1
P01490,OPS_IT_B,1,3,1,0,0,3,2
P01491,OPS_IT_B,0,0,0,0,0,0,0
P01492,OPS_IT_B,1,3,0,1,0,3,1
P01493,OPS_IT_B,1,3,1,0,0,3,2
P01494,OPS_IT_B,0,0,0,0,0,0,0
P01495,OPS_IT_B,1,5,2,1,2,4,4
P01496,OPS_IT_B,0,0,0,0,0,0,0
P01497,OPS_IT_B,0,0,0,0,0,0,0
P01498,OPS_IT_B,0,0,0,0,0,0,0
P01499,OPS_IT_B,1,4,1,0,0,3,1
P01500,OPS_IT_B,1,4,2,0,1,3,1
P01501,OPS_IT_B,1,3,0,0,0,3,2
P01502,OPS_IT_B,0,0,0,0,0,0,0
P01503,OPS_IT_B,0,0,0,0,0,0,0
P01504,OPS_IT_B,1,3,2,0,2,4,2
P01505,OPS_IT_B,1,3,0,0,0,3,1
P01506,OPS_IT_B,1,4,1,1,1,3,3
P01507,OPS_IT_B,0,0,0,0,0,0,0
P01508,OPS_IT_B,1,5,2,0,0,2,1
P01509,OPS_IT_B,1,5,2,0,1,4,2
P01510,OPS_IT_B,1,4,1,1,1,4,4
P01511,OPS_IT_B,0,0,0,0,0,0,0
P01512,OPS_IT_B,1,5,1,0,0,2,2
P01513,OPS_IT_B,1,4,1,0,1,2,1
P01514,OPS_IT_B,0,0,0,0,0,0,0
P01515,OPS_IT_B,1,3,0,0,0,4,2
P01516,OPS_IT_B,0,0,0,0,0,0,0
P01517,OPS_IT_B,1,3,1,0,0,4,3
P01518,OPS_IT_B,1,4,0,1,0,4,3
P01519,OPS_IT_B,0,0,0,0,0,0,0
P01520,OPS_IT_B,1,4,2,0,0,2,2
P01521,OPS_IT_B,1,4,1,0,1,2,0
P01522,OPS_IT_B,0,0,0,0,0,0,0
P01523,OPS_IT_B,0,0,0,0,0,0,0
P01524,OPS_IT_B,1,4,1,1,0,3,2
P01525,OPS_IT_B,1,4,3,0,2,2,1
P01526,OPS_IT_B,1,4,2,0,0,3,3
P01527,OPS_IT_B,1,4,1,0,1,2,2
P01528,OPS_IT_B,0,0,0,0,0,0,0
P01529,OPS_IT_B,1,4,0,0,0,3,3
P01530,OPS_IT_B,0,0,0,0,0,0,0
P01531,OPS_IT_B,1,4,0,0,0,3,1
P01532,OPS_IT_B,1,3,2,0,2,2,2
P01533,OPS_IT_B,0,0,0,0,0,0,0
P01534,OPS_IT_B,1,4,1,0,0,2,2
P01535,OPS_IT_B,0,0,0,0,0,0,0
P01536,OPS_IT_B,0,0,0,0,0,0,0
P01537,OPS_IT_B,0,0,0,0,0,0,0
P01538,OPS_IT_B,1,4,1,2,1,4,2
P01539,OPS_IT_B,0,0,0,0,0,0,0
P01540,OPS_IT_B,0,0,0,0,0,0,0
P01541,OPS_PL,0,0,0,0,0,0,0
P01542,OPS_PL,0,0,0,0,0,0,0
P01543,OPS_PL,0,0,0,0,0,0,0
P01544,OPS_PL,1,3,0,0,0,3,1
P01545,OPS_PL,0,0,0,0,0,0,0
P01546,OPS_PL,0,0,0,0,0,0,0
P01547,OPS_PL,0,0,0,0,0,0,0
P01548,OPS_PL,0,0,0,0,0,0,0
P01549,OPS_PL,1,5,2,0,2,4,1
P01550,OPS_PL,1,3,2,0,1,3,1
P01551,OPS_PL,1,4,3,0,1,2,1
P01552,OPS_PL,1,3,1,0,0,2,2
P01553,OPS_PL,0,0,0,0,0,0,0
P01554,OPS_PL,1,3,2,0,1,4,1
P01555,OPS_PL,1,3,2,0,0,3,3
P01556,OPS_PL,1,5,0,1,0,3,2
P01557,OPS_PL,0,0,0,0,0,0,0
P01558,OPS_PL,0,0,0,0,0,0,0
P01559,OPS_PL,1,3,0,0,0,3,2
P01560,OPS_PL,0,0,0,0,0,0,0
P01561,OPS_PL,0,0,0,0,0,0,0
P01562,OPS_PL,1,5,1,0,0,4,3
P01563,OPS_PL,0,0,0,0,0,0,0
P01564,OPS_PL,0,0,0,0,0,0,0
P01565,OPS_PL,1,5,1,0,0,3,0
P01566,OPS_PL,0,0,0,0,0,0,0
P01567,OPS_PL,1,4,2,1,1,4,2
P01568,OPS_PL,1,4,2,0,0,2,1
P01569,OPS_PL,0,0,0,0,0,0,0
P01570,OPS_PL,1,4,0,0,0,4,2
P01571,OPS_PL,1,4,1,0,0,3,1
P01572,OPS_PL,0,0,0,0,0,0,0
P01573,OPS_PL,0,0,0,0,0,0,0
P01574,OPS_PL,1,5,1,0,1,3,0
P01575,OPS_PL,0,0,0,0,0,0,0
P01576,OPS_PL,0,0,0,0,0,0,0
P01577,OPS_PL,0,0,0,0,0,0,0
P01578,OPS_PL,0,0,0,0,0,0,0
P01579,OPS_PL,0,0,0,0,0,0,0
P01580,OPS_PL,0,0,0,0,0,0,0
P01581,OPS_PL,0,0,0,0,0,0,0
P01582,OPS_PL,0,0,0,0,0,0,0
P01583,OPS_PL,1,4,1,0,0,2,1
P01584,OPS_PL,0,0,0,0,0,0,0
P01585,OPS_PL,0,0,0,0,0,0,0
P01586,OPS_PL,0,0,0,0,0,0,0
P01587,OPS_PL,1,3,2,0,0,3,1
P01588,OPS_PL,0,0,0,0,0,0,0
P01589,OPS_PL,0,0,0,0,0,0,0
P01590,OPS_PL,0,0,0,0,0,0,0
P01591,OPS_PL,1,5,2,0,1,4,1
P01592,OPS_PL,0,0,0,0,0,0,0
P01593,OPS_PL,1,3,1,0,1,4,0
P01594,OPS_PL,0,0,0,0,0,0,0
P01595,OPS_PL,0,0,0,0,0,0,0
P01596,OPS_PL,1,5,3,0,0,4,3
P01597,OPS_PL,0,0,0,0,0,0,0
P01598,OPS_PL,0,0,0,0,0,0,0
P01599,OPS_PL,1,4,2,0,0,2,1
P01600,OPS_PL,0,0,0,0,0,0,0
P01601,OPS_PL,0,0,0,0,0,0,0
P01602,OPS_PL,1,5,2,0,1,4,1
P01603,OPS_PL,1,4,0,0,0,3,0
P01604,OPS_PL,0,0,0,0,0,0,0
P01605,OPS_PL,1,3,2,0,1,2,0
P01606,OPS_PL,0,0,0,0,0,0,0
P01607,OPS_PL,0,0,0,0,0,0,0
P01608,OPS_PL,0,0,0,0,0,0,0
P01609,OPS_PL,1,4,1,0,1,3,0
P01610,OPS_PL,0,0,0,0,0,0,0
P01611,OPS_PL,0,0,0,0,0,0,0
P01612,OPS_PL,1,5,1,1,1,3,2
P01613,OPS_PL,0,0,0,0,0,0,0
P01614,OPS_PL,0,0,0,0,0,0,0
P01615,OPS_PL,1,4,1,0,1,2,2
P01616,OPS_PL,1,3,1,0,1,2,0
P01617,OPS_PL,0,0,0,0,0,0,0
P01618,OPS_PL,1,3,0,0,0,2,1
P01619,OPS_PL,0,0,0,0,0,0,0
P01620,OPS_PL,1,3,0,0,0,4,1
P01621,OPS_PL,1,5,3,0,0,3,1
P01622,OPS_PL,0,0,0,0,0,0,0
P01623,OPS_PL,0,0,0,0,0,0,0
P01624,OPS_PL,1,5,2,0,1,3,3
P01625,OPS_PL,1,3,0,1,0,4,4
P01626,OPS_PL,0,0,0,0,0,0,0
P01627,OPS_PL,0,0,0,0,0,0,0
P01628,OPS_PL,0,0,0,0,0,0,0
P01629,OPS_PL,1,4,0,0,0,4,2
P01630,OPS_PL,0,0,0,0,0,0,0
P01631,OPS_PL,0,0,0,0,0,0,0
P01632,OPS_PL,1,5,0,0,0,3,3
P01633,OPS_PL,1,4,2,0,1,3,3
P01634,OPS_PL,0,0,0,0,0,0,0
P01635,OPS_PL,1,5,1,0,1,3,2
P01636,OPS_PL,1,4,1,0,0,3,3
P01637,OPS_PL,0,0,0,0,0,0,0
P01638,OPS_PL,1,4,2,1,1,4,3
P01639,OPS_PL,1,3,0,0,0,4,3
P01640,OPS_PL,1,3,1,0,1,3,1
P01641,OPS_PL,0,0,0,0,0,0,0
P01642,OPS_PL,0,0,0,0,0,0,0
P01643,OPS_PL,0,0,0,0,0,0,0
P01644,OPS_PL,1,4,2,0,1,2,1
P01645,OPS_PL,0,0,0,0,0,0,0
P01646,OPS_PL,0,0,0,0,0,0,0
P01647,OPS_PL,0,0,0,0,0,0,0
P01648,OPS_PL,0,0,0,0,0,0,0
P01649,OPS_PL,0,0,0,0,0,0,0
P01650,OPS_PL,1,3,1,0,0,4,0
P01651,OPS_PL,1,4,2,0,1,2,1
P01652,OPS_PL,0,0,0,0,0,0,0
P01653,OPS_PL,0,0,0,0,0,0,0
P01654,OPS_PL,0,0,0,0,0,0,0
P01655,OPS_PL,0,0,0,0,0,0,0
P01656,OPS_PL,0,0,0,0,0,0,0
P01657,OPS_PL,0,0,0,0,0,0,0
P01658,OPS_PL,0,0,0,0,0,0,0
P01659,OPS_PL,0,0,0,0,0,0,0
P01660,OPS_PL,1,3,0,0,0,3,2
P01661,OPS_PL,0,0,0,0,0,0,0
P01662,OPS_PL,0,0,0,0,0,0,0
P01663,OPS_PL,0,0,0,0,0,0,0
P01664,OPS_PL,1,3,1,0,0,3,1
P01665,OPS_PL,0,0,0,0,0,0,0
P01666,OPS_PL,0,0,0,0,0,0,0
P01667,OPS_PL,0,0,0,0,0,0,0
P01668,OPS_PL,0,0,0,0,0,0,0
P01669,OPS_PL,0,0,0,0,0,0,0
P01670,OPS_PL,0,0,0,0,0,0,0
P01671,OPS_PL,0,0,0,0,0,0,0
P01672,OPS_PL,1,4,1,1,1,4,2
P01673,OPS_PL,1,4,2,0,1,4,3
P01674,OPS_PL,1,4,2,0,1,3,0
P01675,OPS_PL,0,0,0,0,0,0,0
P01676,OPS_PL,0,0,0,0,0,0,0
P01677,OPS_PL,0,0,0,0,0,0,0
P01678,OPS_PL,0,0,0,0,0,0,0
P01679,OPS_PL,1,5,1,0,1,2,0
P01680,OPS_PL,1,4,2,0,1,2,0
P01681,OPS_PL,1,4,1,0,1,4,1
P01682,OPS_PL,0,0,0,0,0,0,0
P01683,OPS_PL,0,0,0,0,0,0,0
P01684,OPS_PL,0,0,0,0,0,0,0
P01685,OPS_PL,1,3,1,0,1,4,2
P01686,OPS_PL,0,0,0,0,0,0,0
P01687,OPS_PL,0,0,0,0,0,0,0
P01688,OPS_PL,0,0,0,0,0,0,0
P01689,OPS_PL,0,0,0,0,0,0,0
P01690,OPS_PL,1,5,2,0,1,3,0
P01691,OPS_PL,0,0,0,0,0,0,0
P01692,OPS_PL,0,0,0,0,0,0,0
P01693,OPS_PL,0,0,0,0,0,0,0
P01694,OPS_PL,1,5,3,0,2,3,1
P01695,OPS_PL,0,0,0,0,0,0,0
P01696,OPS_PL,1,3,0,0,0,2,2
P01697,OPS_PL,0,0,0,0,0,0,0
P01698,OPS_PL,1,5,1,1,0,3,0
P01699,OPS_PL,0,0,0,0,0,0,0
P01700,OPS_PL,0,0,0,0,0,0,0
P01701,OPS_PL,0,0,0,0,0,0,0
P01702,OPS_PL,0,0,0,0,0,0,0
P01703,OPS_PL,1,4,2,0,0,2,0
P01704,OPS_PL,0,0,0,0,0,0,0
P01705,OPS_PL,1,5,2,0,0,3,1
P01706,OPS_PL,1,4,2,0,0,3,3
P01707,OPS_PL,1,5,4,0,3,3,1
P01708,OPS_PL,0,0,0,0,0,0,0
P01709,OPS_PL,0,0,0,0,0,0,0
P01710,OPS_PL,0,0,0,0,0,0,0
P01711,OPS_PL,1,3,0,0,0,2,0
P01712,OPS_PL,0,0,0,0,0,0,0
P01713,OPS_PL,1,4,2,0,1,3,2
P01714,OPS_PL,1,3,2,1,1,2,0
P01715,OPS_PL,0,0,0,0,0,0,0
P01716,OPS_PL,0,0,0,0,0,0,0
P01717,OPS_PL,1,3,0,1,0,4,3
P01718,OPS_PL,0,0,0,0,0,0,0
P01719,OPS_PL,1,4,1,2,0,3,3
P01720,OPS_PL,0,0,0,0,0,0,0
P01721,OPS_PL,1,4,1,0,0,2,1
P01722,OPS_PL,0,0,0,0,0,0,0
P01723,OPS_PL,1,4,2,0,0,3,1
P01724,OPS_PL,0,0,0,0,0,0,0
P01725,OPS_PL,0,0,0,0,0,0,0
P01726,OPS_PL,1,3,0,0,0,3,0
P01727,OPS_PL,1,3,1,0,0,2,1
P01728,OPS_PL,0,0,0,0,0,0,0
P01729,OPS_PL,0,0,0,0,0,0,0
P01730,OPS_PL,1,4,2,0,2,4,2
P01731,OPS_PL,0,0,0,0,0,0,0
P01732,OPS_PL,0,0,0,0,0,0,0
P01733,OPS_PL,0,0,0,0,0,0,0
P01734,OPS_PL,0,0,0,0,0,0,0
P01735,OPS_PL,0,0,0,0,0,0,0
P01736,OPS_PL,1,4,1,0,1,4,1
P01737,OPS_PL,0,0,0,0,0,0,0
P01738,OPS_PL,1,5,1,0,1,2,1
P01739,OPS_PL,0,0,0,0,0,0,0
P01740,OPS_PL,1,5,3,0,3,3,1
P01741,OPS_PL,1,4,1,0,0,2,1
P01742,OPS_PL,0,0,0,0,0,0,0
P01743,OPS_PL,0,0,0,0,0,0,0
P01744,OPS_PL,0,0,0,0,0,0,0
P01745,OPS_PL,0,0,0,0,0,0,0
P01746,OPS_PL,1,5,0,0,0,3,1
P01747,OPS_PL,0,0,0,0,0,0,0
P01748,OPS_PL,1,3,0,0,0,3,3
P01749,OPS_PL,1,3,2,0,2,2,2
P01750,OPS_PL,0,0,0,0,0,0,0
P01751,OPS_PL,1,5,4,0,3,3,1
P01752,OPS_PL,0,0,0,0,0,0,0
P01753,OPS_PL,0,0,0,0,0,0,0
P01754,OPS_PL,0,0,0,0,0,0,0
P01755,OPS_PL,1,3,3,0,2,3,2
P01756,OPS_PL,0,0,0,0,0,0,0
P01757,OPS_PL,1,3,0,0,0,3,2
P01758,OPS_PL,1,4,1,0,0,3,2
P01759,OPS_PL,0,0,0,0,0,0,0
P01760,OPS_PL,0,0,0,0,0,0,0
P01761,OPS_PL,0,0,0,0,0,0,0
P01762,OPS_PL,1,4,0,1,0,2,1
P01763,OPS_PL,1,5,2,0,1,3,1
P01764,OPS_PL,1,3,0,0,0,2,0
P01765,OPS_PL,0,0,0,0,0,0,0
P01766,OPS_PL,0,0,0,0,0,0,0
P01767,OPS_PL,0,0,0,0,0,0,0
P01768,OPS_PL,0,0,0,0,0,0,0
P01769,OPS_PL,0,0,0,0,0,0,0
P01770,OPS_PL,0,0,0,0,0,0,0
P01771,OPS_PL,0,0,0,0,0,0,0
P01772,OPS_PL,0,0,0,0,0,0,0
P01773,OPS_PL,1,4,1,1,0,4,0
P01774,OPS_PL,1,4,2,0,2,2,2
P01775,OPS_PL,0,0,0,0,0,0,0
P01776,OPS_PL,1,3,0,0,0,3,0
P01777,OPS_PL,1,4,1,0,0,3,2
P01778,OPS_PL,1,5,2,1,1,3,0
P01779,OPS_PL,0,0,0,0,0,0,0
P01780,OPS_PL,0,0,0,0,0,0,0
P01781,OPS_PL,1,4,1,0,1,2,1
P01782,OPS_PL,0,0,0,0,0,0,0
P01783,OPS_PL,1,4,1,0,0,3,1
P01784,OPS_PL,1,4,0,0,0,4,2
P01785,OPS_PL,0,0,0,0,0,0,0
P01786,OPS_PL,1,4,4,0,3,3,1
P01787,OPS_PL,0,0,0,0,0,0,0
P01788,OPS_PL,1,3,0,0,0,3,2
P01789,OPS_PL,0,0,0,0,0,0,0
P01790,OPS_PL,0,0,0,0,0,0,0
P01791,OPS_PL,0,0,0,0,0,0,0
P01792,OPS_PL,0,0,0,0,0,0,0
P01793,OPS_PL,0,0,0,0,0,0,0
P01794,OPS_PL,0,0,0,0,0,0,0
P01795,OPS_PL,0,0,0,0,0,0,0
P01796,OPS_PL,0,0,0,0,0,0,0
P01797,OPS_PL,1,3,1,0,0,3,1
P01798,OPS_PL,0,0,0,0,0,0,0
P01799,OPS_PL,1,5,2,0,1,4,3
P01800,OPS_PL,1,5,2,0,0,3,1
P01801,OPS_PL,0,0,0,0,0,0,0
P01802,OPS_PL,1,4,0,0,0,4,1
P01803,OPS_PL,1,5,2,0,1,2,1
P01804,OPS_PL,0,0,0,0,0,0,0
P01805,OPS_PL,1,3,0,1,0,4,1
P01806,OPS_PL,0,0,0,0,0,0,0
P01807,OPS_PL,1,5,2,0,0,3,1
P01808,OPS_PL,0,0,0,0,0,0,0
P01809,OPS_PL,0,0,0,0,0,0,0
P01810,OPS_PL,0,0,0,0,0,0,0
P01811,OPS_PL,1,4,1,0,0,4,2
P01812,OPS_PL,0,0,0,0,0,0,0
P01813,OPS_PL,1,5,2,0,0,2,0
P01814,OPS_PL,1,4,3,0,0,3,0
P01815,OPS_PL,1,4,1,0,0,3,0
P01816,OPS_PL,0,0,0,0,0,0,0
P01817,OPS_PL,0,0,0,0,0,0,0
P01818,OPS_PL,0,0,0,0,0,0,0
P01819,OPS_PL,0,0,0,0,0,0,0
P01820,OPS_PL,1,3,0,0,0,2,2
P01821,OPS_PL,0,0,0,0,0,0,0
P01822,OPS_PL,0,0,0,0,0,0,0
P01823,OPS_PL,0,0,0,0,0,0,0
P01824,OPS_PL,0,0,0,0,0,0,0
P01825,OPS_PL,1,5,2,0,1,4,3
P01826,OPS_PL,1,3,3,0,2,2,2
P01827,OPS_PL,0,0,0,0,0,0,0
P01828,OPS_PL,0,0,0,0,0,0,0
P01829,OPS_PL,0,0,0,0,0,0,0
P01830,OPS_PL,0,0,0,0,0,0,0
P01831,OPS_PL,0,0,0,0,0,0,0
P01832,OPS_PL,1,5,1,0,0,3,1
P01833,OPS_PL,1,4,1,0,0,2,2
P01834,OPS_PL,1,3,1,0,1,3,1
P01835,OPS_PL,1,4,0,0,0,2,1
P01836,OPS_PL,0,0,0,0,0,0,0
P01837,OPS_PL,0,0,0,0,0,0,0
P01838,OPS_PL,0,0,0,0,0,0,0
P01839,OPS_PL,1,4,1,0,0,2,1
P01840,OPS_PL,1,4,2,0,1,4,1
P01841,CORP_UK,1,5,0,0,0,4,3
P01842,CORP_UK,1,5,1,4,0,4,4
P01843,CORP_UK,1,4,0,1,0,2,2
P01844,CORP_UK,1,4,1,0,1,2,2
P01845,CORP_UK,0,0,0,0,0,0,0
P01846,CORP_UK,1,4,2,2,0,2,2
P01847,CORP_UK,1,3,1,0,0,4,2
P01848,CORP_UK,0,0,0,0,0,0,0
P01849,CORP_UK,1,3,1,0,1,3,2
P01850,CORP_UK,1,4,0,0,0,3,2
P01851,CORP_UK,1,4,1,0,1,3,3
P01852,CORP_UK,1,4,0,1,0,3,2
P01853,CORP_UK,1,4,0,0,0,4,2
P01854,CORP_UK,1,5,0,1,0,2,2
P01855,CORP_UK,1,3,2,0,0,4,3
P01856,CORP_UK,1,4,2,1,0,3,2
P01857,CORP_UK,0,0,0,0,0,0,0
P01858,CORP_UK,1,4,0,0,0,3,3
P01859,CORP_UK,1,3,2,0,2,3,3
P01860,CORP_UK,1,3,1,0,1,3,2
P01861,CORP_UK,1,5,2,0,1,4,4
P01862,CORP_UK,1,4,0,0,0,3,3
P01863,CORP_UK,1,3,1,0,0,3,3
P01864,CORP_UK,1,5,1,2,0,3,2
P01865,CORP_UK,1,4,2,1,0,4,2
P01866,CORP_UK,1,4,0,2,0,4,2
P01867,CORP_UK,0,0,0,0,0,0,0
P01868,CORP_UK,1,4,1,1,0,3,2
P01869,CORP_UK,1,4,1,1,1,3,3
P01870,CORP_UK,1,5,1,0,1,4,3
P01871,CORP_UK,1,4,0,0,0,3,3
P01872,CORP_UK,1,4,3,0,1,2,0
P01873,CORP_UK,0,0,0,0,0,0,0
P01874,CORP_UK,1,5,1,2,1,3,3
P01875,CORP_UK,1,4,2,0,0,3,2
P01876,CORP_UK,1,3,3,0,1,3,3
P01877,CORP_UK,0,0,0,0,0,0,0
P01878,CORP_UK,1,4,0,1,0,3,3
P01879,CORP_UK,1,5,1,1,0,2,1
P01880,CORP_UK,0,0,0,0,0,0,0
P01881,CORP_UK,1,5,0,2,0,2,1
P01882,CORP_UK,0,0,0,0,0,0,0
P01883,CORP_UK,1,4,2,0,1,3,3
P01884,CORP_UK,1,5,0,0,0,3,2
P01885,CORP_UK,1,5,0,0,0,2,2
P01886,CORP_UK,1,4,1,0,1,3,3
P01887,CORP_UK,0,0,0,0,0,0,0
P01888,CORP_UK,1,5,1,3,0,3,2
P01889,CORP_UK,1,4,0,1,0,3,3
P01890,CORP_UK,1,3,0,1,0,3,2
P01891,CORP_UK,1,3,0,0,0,3,3
P01892,CORP_UK,1,4,1,0,0,3,2
P01893,CORP_UK,1,4,0,0,0,3,2
P01894,CORP_UK,0,0,0,0,0,0,0
P01895,CORP_UK,0,0,0,0,0,0,0
P01896,CORP_UK,1,5,2,0,0,3,3
P01897,CORP_UK,1,4,1,1,1,3,3
P01898,CORP_UK,0,0,0,0,0,0,0
P01899,CORP_UK,0,0,0,0,0,0,0
P01900,CORP_UK,1,5,1,2,0,2,2
P01901,CORP_UK,1,3,0,0,0,2,2
P01902,CORP_UK,1,5,0,2,0,4,4
P01903,CORP_UK,1,4,0,2,0,3,3
P01904,CORP_UK,1,3,1,1,0,3,2
P01905,CORP_UK,1,5,0,2,0,3,3
P01906,CORP_UK,1,3,0,0,0,2,1
P01907,CORP_UK,1,4,0,0,0,3,2
P01908,CORP_UK,1,5,0,1,0,3,3
P01909,CORP_UK,1,4,1,0,0,3,3
P01910,CORP_UK,0,0,0,0,0,0,0
P01911,CORP_UK,1,4,2,0,1,3,1
P01912,CORP_UK,1,5,1,0,1,4,2
P01913,CORP_UK,1,4,0,1,0,2,2
P01914,CORP_UK,1,4,0,1,0,3,2
P01915,CORP_UK,1,4,0,0,0,3,3
P01916,CORP_UK,1,5,0,0,0,3,3
P01917,CORP_UK,1,4,1,0,0,3,2
P01918,CORP_UK,0,0,0,0,0,0,0
P01919,CORP_UK,1,4,1,0,0,3,3
P01920,CORP_UK,1,3,0,1,0,4,3
P01921,CORP_UK,1,4,1,1,1,3,1
P01922,CORP_UK,1,4,0,0,0,3,3
P01923,CORP_UK,1,4,0,0,0,2,2
P01924,CORP_UK,1,4,2,0,0,2,1
P01925,CORP_UK,1,4,1,1,1,3,3
P01926,CORP_UK,0,0,0,0,0,0,0
P01927,CORP_UK,1,4,2,0,2,3,3
P01928,CORP_UK,1,4,0,0,0,4,0
P01929,CORP_UK,1,4,1,0,0,4,4
P01930,CORP_UK,1,4,1,0,0,3,3
P01931,CORP_UK,0,0,0,0,0,0,0
P01932,CORP_UK,1,3,0,0,0,3,3
P01933,CORP_UK,0,0,0,0,0,0,0
P01934,CORP_UK,1,5,1,0,1,3,3
P01935,CORP_UK,1,5,1,0,0,2,2
P01936,CORP_UK,0,0,0,0,0,0,0
P01937,CORP_UK,0,0,0,0,0,0,0
P01938,CORP_UK,1,5,1,0,0,3,3
P01939,CORP_UK,1,4,0,1,0,4,2
P01940,CORP_UK,1,4,2,0,2,3,2
P01941,CORP_UK,0,0,0,0,0,0,0
P01942,CORP_UK,0,0,0,0,0,0,0
P01943,CORP_UK,1,4,1,0,0,2,1
P01944,CORP_UK,1,4,1,1,1,3,3
P01945,CORP_UK,1,3,3,1,1,3,3
P01946,CORP_UK,0,0,0,0,0,0,0
P01947,CORP_UK,0,0,0,0,0,0,0
P01948,CORP_UK,1,4,0,0,0,3,2
P01949,CORP_UK,1,5,1,0,1,4,3
P01950,CORP_UK,1,4,0,0,0,4,4
P01951,CORP_UK,1,5,2,0,2,2,1
P01952,CORP_UK,1,4,0,0,0,3,2
P01953,CORP_UK,1,5,0,1,0,2,1
P01954,CORP_UK,0,0,0,0,0,0,0
P01955,CORP_UK,0,0,0,0,0,0,0
P01956,CORP_UK,0,0,0,0,0,0,0
P01957,CORP_UK,1,4,0,1,0,3,3
P01958,CORP_UK,1,4,0,0,0,4,3
P01959,CORP_UK,0,0,0,0,0,0,0
P01960,CORP_UK,1,5,3,0,0,3,3
P01961,CORP_UK,1,3,0,0,0,2,2
P01962,CORP_UK,1,4,0,0,0,3,3
P01963,CORP_UK,0,0,0,0,0,0,0
P01964,CORP_UK,1,5,2,2,2,3,3
P01965,CORP_UK,1,4,1,0,1,2,1
P01966,CORP_UK,1,5,0,0,0,3,3
P01967,CORP_UK,0,0,0,0,0,0,0
P01968,CORP_UK,0,0,0,0,0,0,0
P01969,CORP_UK,1,4,0,0,0,3,3
P01970,CORP_UK,0,0,0,0,0,0,0
P01971,CORP_UK,1,4,0,0,0,3,2
P01972,CORP_UK,0,0,0,0,0,0,0
P01973,CORP_UK,1,3,0,1,0,4,3
P01974,CORP_UK,0,0,0,0,0,0,0
P01975,CORP_UK,1,4,1,0,1,2,1
P01976,CORP_UK,0,0,0,0,0,0,0
P01977,CORP_UK,0,0,0,0,0,0,0
P01978,CORP_UK,0,0,0,0,0,0,0
P01979,CORP_UK,1,4,0,1,0,3,3
P01980,CORP_UK,1,5,0,2,0,3,3
P01981,CORP_UK,0,0,0,0,0,0,0
P01982,CORP_UK,0,0,0,0,0,0,0
P01983,CORP_UK,0,0,0,0,0,0,0
P01984,CORP_UK,1,5,1,0,0,2,2
P01985,CORP_UK,0,0,0,0,0,0,0
P01986,CORP_UK,1,5,2,1,1,4,3
P01987,CORP_UK,1,3,2,0,1,3,2
P01988,CORP_UK,1,4,1,2,0,4,3
P01989,CORP_UK,1,4,0,0,0,2,1
P01990,CORP_UK,1,3,0,1,0,2,1
P01991,CORP_UK,1,3,2,0,1,3,3
P01992,CORP_UK,1,4,0,2,0,2,2
P01993,CORP_UK,1,5,0,1,0,3,2
P01994,CORP_UK,1,4,1,2,1,2,2
P01995,CORP_UK,0,0,0,0,0,0,0
P01996,CORP_UK,1,4,0,1,0,2,2
P01997,CORP_UK,1,3,0,1,0,3,3
P01998,CORP_UK,1,3,0,0,0,3,3
P01999,CORP_UK,1,4,2,0,1,4,3
P02000,CORP_UK,1,4,0,1,0,3,3
