asset_id,unit_id,period,in_scope,asset_criticality,qds_max,oldest_critical_age_days,kev_count
A00001,SALES,P2,1,3,54,16,0
A00002,SALES,P2,1,3,47,48,0
A00003,SALES,P2,1,3,65,25,0
A00004,SALES,P2,1,3,58,49,0
A00005,SALES,P2,1,3,33,16,0
A00006,SALES,P2,0,0,0,0,0
A00007,SALES,P2,1,5,22,4,0
A00008,SALES,P2,0,0,0,0,0
A00009,SALES,P2,0,0,0,0,0
A00010,SALES,P2,1,3,58,20,0
A00011,SALES,P2,1,2,24,115,0
A00012,SALES,P2,1,2,73,5,0
A00013,SALES,P2,1,2,46,62,0
A00014,SALES,P2,1,3,66,71,0
A00015,SALES,P2,1,4,65,29,0
A00016,SALES,P2,1,2,50,17,0
A00017,SALES,P2,1,3,62,8,0
A00018,SALES,P2,1,3,87,56,1
A00019,SALES,P2,1,3,59,33,0
A00020,SALES,P2,1,4,72,42,0
A00021,SALES,P2,1,2,58,81,0
A00022,SALES,P2,1,4,57,120,0
A00023,SALES,P2,1,3,36,17,0
A00024,SALES,P2,1,2,60,28,0
A00025,SALES,P2,1,2,69,66,0
A00026,SALES,P2,1,4,18,49,0
A00027,SALES,P2,1,4,55,105,0
A00028,SALES,P2,1,3,61,30,0
A00029,SALES,P2,1,3,38,26,0
A00030,SALES,P2,1,1,25,33,0
A00031,SALES,P2,1,1,41,47,0
A00032,SALES,P2,1,2,14,135,0
A00033,SALES,P2,1,2,38,47,0
A00034,SALES,P2,1,4,38,17,0
A00035,SALES,P2,1,2,64,3,0
A00036,SALES,P2,1,4,49,3,0
A00037,SALES,P2,1,2,42,86,0
A00038,SALES,P2,1,2,89,249,1
A00039,SALES,P2,1,4,44,38,0
A00040,SALES,P2,1,2,51,22,0
A00041,SALES,P2,1,3,65,50,0
A00042,SALES,P2,1,3,42,27,0
A00043,SALES,P2,1,1,36,80,0
A00044,SALES,P2,1,2,29,24,0
A00045,SALES,P2,1,4,57,78,0
A00046,SALES,P2,1,5,54,14,0
A00047,SALES,P2,1,3,93,5,2
A00048,SALES,P2,1,4,36,23,0
A00049,SALES,P2,1,3,37,101,0
A00050,SALES,P2,1,2,49,17,0
A00051,SALES,P2,1,4,45,24,0
A00052,SALES,P2,1,2,79,19,0
A00053,SALES,P2,1,3,40,15,0
A00054,SALES,P2,1,2,26,15,0
A00055,SALES,P2,1,4,60,57,0
A00056,SALES,P2,1,2,39,2,0
A00057,SALES,P2,1,3,47,3,0
A00058,SALES,P2,1,3,48,16,0
A00059,SALES,P2,1,3,62,16,0
A00060,SALES,P2,1,3,53,51,0
A00061,SALES,P2,1,4,41,60,0
A00062,SALES,P2,1,3,41,9,0
A00063,SALES,P2,1,3,46,9,0
A00064,SALES,P2,1,2,65,3,0
A00065,SALES,P2,1,3,48,2,0
A00066,SALES,P2,1,3,39,13,0
A00067,SALES,P2,1,3,76,136,0
A00068,SALES,P2,1,3,18,17,0
A00069,SALES,P2,1,3,39,4,0
A00070,SALES,P2,0,0,0,0,0
A00071,SALES,P2,1,3,15,60,0
A00072,SALES,P2,1,2,45,12,0
A00073,SALES,P2,1,4,66,38,0
A00074,SALES,P2,1,3,63,34,0
A00075,SALES,P2,1,2,39,77,0
A00076,SALES,P2,1,4,33,66,0
A00077,SALES,P2,0,0,0,0,0
A00078,SALES,P2,1,3,59,25,0
A00079,SALES,P2,1,2,70,3,0
A00080,SALES,P2,1,4,34,10,0
A00081,SALES,P2,1,4,35,11,0
A00082,SALES,P2,1,3,15,7,0
A00083,SALES,P2,1,3,62,158,0
A00084,SALES,P2,0,0,0,0,0
A00085,SALES,P2,1,1,17,29,0
A00086,SALES,P2,1,3,64,40,0
A00087,SALES,P2,1,2,22,42,0
A00088,SALES,P2,1,3,56,17,0
A00089,SALES,P2,1,2,15,179,0
A00090,SALES,P2,1,5,43,21,0
A00091,SALES,P2,1,2,51,53,0
A00092,SALES,P2,0,0,0,0,0
A00093,SALES,P2,1,2,49,18,0
A00094,SALES,P2,1,3,55,26,0
A00095,SALES,P2,1,4,46,4,0
A00096,SALES,P2,1,2,49,58,0
A00097,SALES,P2,1,1,83,161,0
A00098,SALES,P2,1,2,48,344,0
A00099,SALES,P2,1,3,25,26,0
A00100,SALES,P2,0,0,0,0,0
A00101,SALES,P2,1,3,42,113,0
A00102,SALES,P2,1,2,34,2,0
A00103,SALES,P2,1,3,54,48,0
A00104,SALES,P2,1,3,33,3,0
A00105,SALES,P2,1,3,63,53,0
A00106,SALES,P2,1,2,36,20,0
A00107,SALES,P2,1,2,77,9,0
A00108,SALES,P2,1,4,54,23,0
A00109,SALES,P2,1,2,71,49,0
A00110,SALES,P2,1,4,59,13,0
A00111,SALES,P2,1,4,82,94,2
A00112,SALES,P2,1,3,61,106,0
A00113,SALES,P2,1,3,82,31,0
A00114,SALES,P2,1,3,30,1,0
A00115,SALES,P2,1,4,63,8,0
A00116,SALES,P2,1,4,50,47,0
A00117,SALES,P2,1,2,54,52,0
A00118,SALES,P2,1,4,79,38,0
A00119,SALES,P2,1,4,57,13,0
A00120,SALES,P2,1,3,74,10,0
A00121,SALES,P2,1,3,47,17,0
A00122,SALES,P2,1,1,71,5,0
A00123,SALES,P2,1,4,69,34,0
A00124,SALES,P2,1,5,65,48,0
A00125,SALES,P2,1,4,61,128,0
A00126,SALES,P2,1,4,59,34,0
A00127,SALES,P2,0,0,0,0,0
A00128,SALES,P2,1,2,75,1,0
A00129,SALES,P2,1,3,37,24,0
A00130,SALES,P2,1,3,47,26,0
A00131,SALES,P2,1,3,60,11,0
A00132,SALES,P2,1,2,32,9,0
A00133,SALES,P2,1,5,64,129,0
A00134,SALES,P2,1,4,76,41,0
A00135,SALES,P2,1,2,40,77,0
A00136,SALES,P2,1,1,26,18,0
A00137,SALES,P2,1,4,63,44,0
A00138,SALES,P2,1,4,55,74,0
A00139,SALES,P2,1,1,76,3,0
A00140,SALES,P2,0,0,0,0,0
A00141,SALES,P2,1,4,70,40,0
A00142,SALES,P2,1,3,69,3,0
A00143,SALES,P2,0,0,0,0,0
A00144,SALES,P2,1,3,57,110,0
A00145,SALES,P2,1,2,70,91,0
A00146,SALES,P2,1,3,72,41,0
A00147,SALES,P2,1,4,33,51,0
A00148,SALES,P2,1,3,51,18,0
A00149,SALES,P2,1,4,72,18,0
A00150,SALES,P2,1,1,45,34,0
A00151,SALES,P2,1,3,56,55,0
A00152,SALES,P2,1,1,39,75,0
A00153,SALES,P2,1,3,45,86,0
A00154,SALES,P2,1,4,39,9,0
A00155,SALES,P2,1,4,77,46,0
A00156,SALES,P2,0,0,0,0,0
A00157,SALES,P2,1,4,59,2,0
A00158,SALES,P2,1,2,45,26,0
A00159,SALES,P2,0,0,0,0,0
A00160,SALES,P2,1,3,65,6,0
A00161,SALES,P2,1,3,37,31,0
A00162,SALES,P2,1,4,21,31,0
A00163,SALES,P2,0,0,0,0,0
A00164,SALES,P2,0,0,0,0,0
A00165,SALES,P2,1,3,57,29,0
A00166,SALES,P2,0,0,0,0,0
A00167,SALES,P2,1,2,73,24,0
A00168,SALES,P2,1,4,50,4,0
A00169,SALES,P2,1,4,42,9,0
A00170,SALES,P2,1,2,67,25,0
A00171,SALES,P2,1,3,43,6,0
A00172,SALES,P2,1,2,40,48,0
A00173,SALES,P2,1,3,46,41,0
A00174,SALES,P2,1,3,75,55,0
A00175,SALES,P2,1,4,36,3,0
A00176,SALES,P2,1,4,45,11,0
A00177,SALES,P2,1,2,53,75,0
A00178,SALES,P2,0,0,0,0,0
A00179,SALES,P2,1,5,62,36,0
A00180,SALES,P2,1,3,71,5,0
A00181,SALES,P2,1,4,70,2,0
A00182,SALES,P2,1,3,35,46,0
A00183,SALES,P2,1,3,48,65,0
A00184,SALES,P2,0,0,0,0,0
A00185,SALES,P2,1,3,65,63,0
A00186,SALES,P2,1,4,49,21,0
A00187,SALES,P2,1,4,73,83,0
A00188,SALES,P2,1,4,58,23,0
A00189,SALES,P2,1,3,68,9,0
A00190,SALES,P2,1,5,43,75,0
A00191,SALES,P2,1,3,41,1,0
A00192,SALES,P2,1,4,60,3,0
A00193,SALES,P2,1,4,69,16,0
A00194,SALES,P2,0,0,0,0,0
A00195,SALES,P2,1,3,44,12,0
A00196,SALES,P2,1,3,56,7,0
A00197,SALES,P2,1,1,24,62,0
A00198,SALES,P2,1,4,50,54,0
A00199,SALES,P2,1,2,83,55,0
A00200,SALES,P2,0,0,0,0,0
A00201,SALES,P2,1,4,86,29,0
A00202,SALES,P2,1,2,46,14,0
A00203,SALES,P2,1,3,57,55,0
A00204,SALES,P2,1,5,44,17,0
A00205,SALES,P2,1,3,80,9,0
A00206,SALES,P2,1,3,62,17,0
A00207,SALES,P2,1,4,73,3,0
A00208,SALES,P2,1,3,38,15,0
A00209,SALES,P2,1,3,67,36,0
A00210,SALES,P2,1,4,73,1,0
A00211,SALES,P2,1,2,47,149,0
A00212,SALES,P2,1,3,36,6,0
A00213,SALES,P2,1,3,65,139,0
A00214,SALES,P2,1,2,46,28,0
A00215,SALES,P2,1,4,35,43,0
A00216,SALES,P2,1,3,41,52,0
A00217,SALES,P2,0,0,0,0,0
A00218,SALES,P2,1,4,72,26,0
A00219,SALES,P2,0,0,0,0,0
A00220,SALES,P2,1,2,53,58,0
A00221,SALES,P2,1,3,54,36,0
A00222,SALES,P2,1,2,73,18,0
A00223,SALES,P2,1,3,72,69,0
A00224,SALES,P2,1,3,49,75,0
A00225,SALES,P2,1,3,59,14,0
A00226,SALES,P2,1,4,73,30,0
A00227,SALES,P2,1,2,53,28,0
A00228,SALES,P2,1,3,64,9,0
A00229,SALES,P2,1,3,55,22,0
A00230,SALES,P2,1,2,56,52,0
A00231,SALES,P2,1,2,61,13,0
A00232,SALES,P2,1,3,41,25,0
A00233,SALES,P2,1,3,48,1,0
A00234,SALES,P2,1,4,67,59,0
A00235,SALES,P2,1,4,40,15,0
A00236,SALES,P2,1,2,59,17,0
A00237,SALES,P2,1,4,77,94,0
A00238,SALES,P2,1,2,33,48,0
A00239,SALES,P2,1,2,51,9,0
A00240,SALES,P2,1,4,40,1,0
A00241,SALES,P2,1,2,82,39,0
A00242,SALES,P2,1,3,40,40,0
A00243,SALES,P2,1,3,36,2,0
A00244,SALES,P2,1,4,70,22,0
A00245,SALES,P2,1,3,46,218,0
A00246,SALES,P2,1,3,59,53,0
A00247,SALES,P2,1,4,31,28,0
A00248,SALES,P2,1,5,46,204,0
A00249,SALES,P2,0,0,0,0,0
A00250,SALES,P2,1,3,83,15,0
A00251,SALES,P2,1,3,38,10,0
A00252,SALES,P2,1,2,52,22,0
A00253,SALES,P2,1,2,47,28,0
A00254,SALES,P2,1,3,75,82,0
A00255,SALES,P2,1,5,58,2,0
A00256,SALES,P2,0,0,0,0,0
A00257,SALES,P2,1,3,42,35,0
A00258,SALES,P2,1,3,47,5,0
A00259,SALES,P2,1,3,60,2,0
A00260,SALES,P2,1,3,31,60,0
A00261,SALES,P2,1,2,50,29,0
A00262,SALES,P2,1,4,50,7,0
A00263,SALES,P2,1,3,39,5,0
A00264,SALES,P2,1,1,62,12,0
A00265,SALES,P2,1,5,85,320,0
A00266,SALES,P2,1,5,31,35,0
A00267,SALES,P2,1,4,55,3,0
A00268,SALES,P2,1,4,86,27,0
A00269,SALES,P2,1,4,62,39,0
A00270,SALES,P2,1,1,34,177,0
A00271,SALES,P2,1,3,56,12,0
A00272,SALES,P2,1,5,46,46,0
A00273,SALES,P2,1,2,49,5,0
A00274,SALES,P2,1,4,47,10,0
A00275,SALES,P2,1,4,49,0,0
A00276,SALES,P2,1,2,33,29,0
A00277,SALES,P2,1,3,60,20,0
A00278,SALES,P2,0,0,0,0,0
A00279,SALES,P2,1,4,78,112,0
A00280,SALES,P2,1,4,31,17,0
A00281,SALES,P2,1,4,45,41,0
A00282,SALES,P2,1,3,100,20,1
A00283,SALES,P2,1,3,28,104,0
A00284,SALES,P2,0,0,0,0,0
A00285,SALES,P2,1,3,47,14,0
A00286,SALES,P2,1,3,46,39,0
A00287,SALES,P2,1,3,22,17,0
A00288,SALES,P2,0,0,0,0,0
A00289,SALES,P2,1,3,28,24,0
A00290,SALES,P2,1,2,55,7,0
A00291,SALES,P2,1,3,64,28,0
A00292,SALES,P2,1,4,56,6,0
A00293,SALES,P2,0,0,0,0,0
A00294,SALES,P2,0,0,0,0,0
A00295,SALES,P2,1,4,70,80,0
A00296,SALES,P2,0,0,0,0,0
A00297,SALES,P2,1,3,41,20,0
A00298,SALES,P2,1,3,71,65,0
A00299,SALES,P2,1,3,66,6,0
A00300,SALES,P2,1,1,54,7,0
A00301,SALES,P2,1,3,29,73,0
A00302,SALES,P2,1,3,53,177,0
A00303,SALES,P2,1,3,45,18,0
A00304,SALES,P2,1,4,23,88,0
A00305,SALES,P2,1,4,98,49,1
A00306,SALES,P2,1,2,61,3,0
A00307,SALES,P2,1,4,52,16,0
A00308,SALES,P2,1,3,56,2,0
A00309,SALES,P2,1,2,72,3,0
A00310,SALES,P2,1,3,61,4,0
A00311,SALES,P2,1,3,70,20,0
A00312,SALES,P2,1,3,67,8,0
A00313,SALES,P2,1,2,51,29,0
A00314,SALES,P2,1,3,73,87,0
A00315,SALES,P2,0,0,0,0,0
A00316,SALES,P2,1,3,63,59,0
A00317,SALES,P2,0,0,0,0,0
A00318,SALES,P2,1,3,67,28,0
A00319,SALES,P2,1,3,18,18,0
A00320,SALES,P2,1,3,34,11,0
A00321,SALES,P2,1,4,30,13,0
A00322,SALES,P2,1,3,52,26,0
A00323,SALES,P2,1,4,62,77,0
A00324,SALES,P2,1,2,40,43,0
A00325,SALES,P2,1,3,73,14,0
A00326,SALES,P2,1,3,56,27,0
A00327,SALES,P2,1,5,50,23,0
A00328,SALES,P2,1,5,47,27,0
A00329,SALES,P2,0,0,0,0,0
A00330,SALES,P2,1,4,30,36,0
A00331,SALES,P2,0,0,0,0,0
A00332,SALES,P2,1,2,48,4,0
A00333,SALES,P2,1,2,66,65,0
A00334,SALES,P2,1,3,66,12,0
A00335,SALES,P2,1,3,43,3,0
A00336,SALES,P2,1,3,38,6,0
A00337,SALES,P2,1,2,72,113,0
A00338,SALES,P2,1,3,48,71,0
A00339,SALES,P2,1,4,55,5,0
A00340,SALES,P2,1,1,61,23,0
A00341,SALES,P2,1,5,42,3,0
A00342,SALES,P2,1,2,46,82,0
A00343,SALES,P2,1,3,33,13,0
A00344,SALES,P2,1,4,33,12,0
A00345,SALES,P2,1,3,46,53,0
A00346,SALES,P2,1,4,26,2,0
A00347,SALES,P2,1,2,61,4,0
A00348,SALES,P2,1,3,36,11,0
A00349,SALES,P2,1,2,52,106,0
A00350,SALES,P2,1,4,66,10,0
A00351,SALES,P2,1,3,44,108,0
A00352,SALES,P2,1,4,49,18,0
A00353,SALES,P2,1,4,6,16,0
A00354,SALES,P2,0,0,0,0,0
A00355,SALES,P2,1,3,26,34,0
A00356,SALES,P2,1,5,67,4,0
A00357,SALES,P2,1,4,74,81,0
A00358,SALES,P2,1,2,35,82,0
A00359,SALES,P2,1,4,39,30,0
A00360,SALES,P2,1,3,24,10,0
A00361,SALES,P2,1,2,26,69,0
A00362,SALES,P2,0,0,0,0,0
A00363,SALES,P2,1,3,37,58,0
A00364,SALES,P2,1,4,66,2,0
A00365,SALES,P2,1,4,48,16,0
A00366,SALES,P2,1,2,41,96,0
A00367,SALES,P2,1,4,55,17,0
A00368,SALES,P2,1,2,20,10,0
A00369,SALES,P2,1,4,76,40,0
A00370,SALES,P2,1,2,42,140,0
A00371,SALES,P2,1,4,46,4,0
A00372,SALES,P2,0,0,0,0,0
A00373,SALES,P2,1,3,92,22,0
A00374,SALES,P2,0,0,0,0,0
A00375,SALES,P2,1,3,15,48,0
A00376,SALES,P2,1,2,24,21,0
A00377,SALES,P2,1,2,35,14,0
A00378,SALES,P2,1,3,78,2,0
A00379,SALES,P2,1,1,50,93,0
A00380,SALES,P2,1,3,76,140,0
A00381,SALES,P2,1,4,39,12,0
A00382,SALES,P2,1,3,45,72,0
A00383,SALES,P2,1,1,63,52,0
A00384,SALES,P2,0,0,0,0,0
A00385,SALES,P2,1,3,23,0,0
A00386,SALES,P2,1,2,48,48,0
A00387,SALES,P2,1,3,67,56,0
A00388,SALES,P2,1,3,52,42,0
A00389,SALES,P2,1,2,78,64,0
A00390,SALES,P2,0,0,0,0,0
A00391,SALES,P2,1,4,72,30,0
A00392,SALES,P2,1,3,68,12,0
A00393,SALES,P2,1,1,68,106,0
A00394,SALES,P2,1,2,44,91,0
A00395,SALES,P2,1,3,87,4,0
A00396,SALES,P2,0,0,0,0,0
A00397,SALES,P2,1,4,53,67,0
A00398,SALES,P2,1,2,35,9,0
A00399,SALES,P2,1,4,55,35,0
A00400,SALES,P2,1,3,59,79,0
A00401,SALES,P2,1,3,57,30,0
A00402,SALES,P2,1,4,58,53,0
A00403,SALES,P2,1,3,47,68,0
A00404,SALES,P2,1,3,35,14,0
A00405,SALES,P2,1,3,54,25,0
A00406,SALES,P2,1,3,47,4,0
A00407,SALES,P2,1,3,55,10,0
A00408,SALES,P2,1,3,37,50,0
A00409,SALES,P2,1,4,54,149,0
A00410,SALES,P2,0,0,0,0,0
A00411,SALES,P2,1,3,70,94,0
A00412,SALES,P2,1,4,47,32,0
A00413,SALES,P2,1,2,66,137,0
A00414,SALES,P2,1,3,49,65,0
A00415,SALES,P2,1,3,43,59,0
A00416,SALES,P2,1,3,42,105,0
A00417,SALES,P2,1,3,51,14,0
A00418,SALES,P2,1,2,78,50,0
A00419,SALES,P2,0,0,0,0,0
A00420,SALES,P2,1,4,27,48,0
A00421,SALES,P2,1,3,25,28,0
A00422,SALES,P2,0,0,0,0,0
A00423,SALES,P2,1,2,15,28,0
A00424,SALES,P2,1,3,56,7,0
A00425,SALES,P2,1,3,56,48,0
A00426,SALES,P2,1,4,46,13,0
A00427,SALES,P2,1,3,48,21,0
A00428,SALES,P2,1,2,37,11,0
A00429,SALES,P2,1,4,31,61,0
A00430,SALES,P2,1,4,49,30,0
A00431,SALES,P2,1,3,45,104,0
A00432,SALES,P2,1,3,58,8,0
A00433,SALES,P2,1,2,71,12,0
A00434,SALES,P2,1,2,47,92,0
A00435,SALES,P2,1,2,58,40,0
A00436,SALES,P2,1,3,56,58,0
A00437,SALES,P2,1,5,28,72,0
A00438,SALES,P2,1,3,52,87,0
A00439,SALES,P2,1,4,67,8,0
A00440,SALES,P2,1,4,48,45,0
A00441,SALES,P2,1,2,33,119,0
A00442,SALES,P2,1,4,37,21,0
A00443,SALES,P2,1,1,44,127,0
A00444,SALES,P2,1,3,60,8,0
A00445,SALES,P2,1,4,59,9,0
A00446,SALES,P2,1,4,74,305,0
A00447,SALES,P2,1,4,53,46,0
A00448,SALES,P2,1,4,45,24,0
A00449,FIN,P2,1,3,50,13,0
A00450,FIN,P2,1,5,45,5,0
A00451,FIN,P2,1,3,65,9,0
A00452,FIN,P2,1,5,73,12,0
A00453,FIN,P2,1,5,66,129,0
A00454,FIN,P2,1,5,54,35,0
A00455,FIN,P2,1,5,20,2,0
A00456,FIN,P2,0,0,0,0,0
A00457,FIN,P2,1,5,51,43,0
A00458,FIN,P2,1,4,63,1,0
A00459,FIN,P2,1,4,60,25,0
A00460,FIN,P2,1,4,27,15,0
A00461,FIN,P2,1,5,46,21,0
A00462,FIN,P2,1,5,46,36,0
A00463,FIN,P2,1,4,60,26,0
A00464,FIN,P2,1,5,19,19,0
A00465,FIN,P2,1,5,66,35,0
A00466,FIN,P2,1,5,27,24,0
A00467,FIN,P2,1,4,21,31,0
A00468,FIN,P2,1,4,44,13,0
A00469,FIN,P2,0,0,0,0,0
A00470,FIN,P2,1,5,53,10,0
A00471,FIN,P2,1,4,41,50,0
A00472,FIN,P2,1,4,63,8,0
A00473,FIN,P2,1,5,40,11,0
A00474,FIN,P2,1,5,23,23,0
A00475,FIN,P2,1,5,23,10,0
A00476,FIN,P2,1,2,22,18,0
A00477,FIN,P2,1,5,0,8,0
A00478,FIN,P2,1,3,54,11,0
A00479,FIN,P2,1,5,57,56,0
A00480,FIN,P2,1,5,44,23,0
A00481,FIN,P2,1,5,68,28,0
A00482,FIN,P2,1,5,67,70,0
A00483,FIN,P2,1,4,44,1,0
A00484,FIN,P2,1,5,44,38,0
A00485,FIN,P2,1,4,62,175,0
A00486,FIN,P2,1,5,44,100,0
A00487,FIN,P2,1,5,45,10,0
A00488,FIN,P2,1,5,21,9,0
A00489,FIN,P2,1,5,48,11,0
A00490,FIN,P2,1,5,37,8,0
A00491,FIN,P2,1,5,56,46,0
A00492,FIN,P2,1,5,27,7,0
A00493,FIN,P2,1,5,25,17,0
A00494,FIN,P2,1,3,70,27,0
A00495,FIN,P2,1,5,47,151,0
A00496,FIN,P2,1,4,25,52,0
A00497,FIN,P2,1,4,36,32,0
A00498,FIN,P2,1,4,40,58,0
A00499,FIN,P2,1,5,39,45,0
A00500,FIN,P2,1,4,66,48,0
A00501,FIN,P2,1,4,65,32,0
A00502,FIN,P2,1,3,74,23,0
A00503,FIN,P2,1,3,32,26,0
A00504,FIN,P2,1,5,55,37,0
A00505,FIN,P2,1,4,21,2,0
A00506,FIN,P2,1,4,45,90,0
A00507,FIN,P2,1,5,58,149,0
A00508,FIN,P2,1,5,77,92,0
A00509,FIN,P2,1,5,37,37,0
A00510,FIN,P2,1,5,49,121,0
A00511,FIN,P2,1,5,32,14,0
A00512,FIN,P2,1,5,50,5,0
A00513,FIN,P2,1,5,69,16,0
A00514,FIN,P2,1,4,55,5,0
A00515,FIN,P2,1,5,79,26,0
A00516,FIN,P2,1,3,41,47,0
A00517,FIN,P2,1,3,55,34,0
A00518,FIN,P2,1,4,43,58,0
A00519,FIN,P2,0,0,0,0,0
A00520,FIN,P2,0,0,0,0,0
A00521,FIN,P2,1,5,60,48,0
A00522,FIN,P2,1,5,46,83,0
A00523,FIN,P2,1,5,54,5,0
A00524,FIN,P2,1,4,49,2,0
A00525,FIN,P2,1,5,42,8,0
A00526,FIN,P2,1,5,50,6,0
A00527,FIN,P2,1,5,41,35,0
A00528,FIN,P2,0,0,0,0,0
A00529,FIN,P2,1,5,54,43,0
A00530,FIN,P2,1,5,80,21,0
A00531,FIN,P2,1,5,60,22,0
A00532,FIN,P2,1,5,34,45,0
A00533,FIN,P2,1,5,29,5,0
A00534,FIN,P2,1,4,20,1,0
A00535,FIN,P2,1,5,43,20,0
A00536,FIN,P2,1,5,32,1,0
A00537,FIN,P2,1,5,59,7,0
A00538,FIN,P2,1,5,53,7,0
A00539,FIN,P2,1,5,48,17,0
A00540,FIN,P2,1,4,34,28,0
A00541,FIN,P2,1,5,41,19,0
A00542,FIN,P2,1,5,44,39,0
A00543,FIN,P2,1,4,63,11,0
A00544,FIN,P2,1,4,57,24,0
A00545,FIN,P2,1,4,67,8,0
A00546,FIN,P2,1,4,67,8,0
A00547,FIN,P2,1,5,67,9,0
A00548,FIN,P2,1,5,79,33,0
A00549,FIN,P2,1,4,53,15,0
A00550,FIN,P2,1,5,23,3,0
A00551,FIN,P2,1,5,59,10,0
A00552,FIN,P2,1,5,70,92,0
A00553,FIN,P2,1,5,41,12,0
A00554,FIN,P2,1,3,32,18,0
A00555,FIN,P2,1,4,67,23,0
A00556,FIN,P2,1,5,75,34,0
A00557,FIN,P2,1,3,40,29,0
A00558,FIN,P2,1,5,44,22,0
A00559,FIN,P2,1,5,48,6,0
A00560,FIN,P2,1,5,31,4,0
A00561,FIN,P2,1,5,29,19,0
A00562,FIN,P2,1,5,52,36,0
A00563,FIN,P2,1,4,56,27,0
A00564,FIN,P2,1,5,26,11,0
A00565,FIN,P2,1,5,42,5,0
A00566,FIN,P2,1,5,28,34,0
A00567,FIN,P2,1,5,38,16,0
A00568,FIN,P2,1,4,12,1,0
A00569,FIN,P2,1,4,19,13,0
A00570,FIN,P2,1,5,35,18,0
A00571,FIN,P2,1,5,47,52,0
A00572,FIN,P2,1,5,57,15,0
A00573,FIN,P2,1,5,49,28,0
A00574,FIN,P2,1,4,54,15,0
A00575,FIN,P2,1,5,38,39,0
A00576,FIN,P2,1,5,28,25,0
A00577,FIN,P2,1,5,57,97,0
A00578,FIN,P2,1,5,31,31,0
A00579,FIN,P2,1,5,48,9,0
A00580,FIN,P2,1,3,62,24,0
A00581,FIN,P2,1,5,73,20,0
A00582,FIN,P2,1,4,34,5,0
A00583,FIN,P2,1,5,35,44,0
A00584,FIN,P2,1,5,42,14,0
A00585,FIN,P2,1,5,74,36,0
A00586,FIN,P2,1,4,30,51,0
A00587,FIN,P2,1,5,30,15,0
A00588,FIN,P2,0,0,0,0,0
A00589,FIN,P2,1,5,28,47,0
A00590,FIN,P2,1,5,45,8,0
A00591,FIN,P2,1,5,38,1,0
A00592,FIN,P2,1,5,42,77,0
A00593,FIN,P2,1,5,34,35,0
A00594,FIN,P2,0,0,0,0,0
A00595,FIN,P2,1,4,44,21,0
A00596,FIN,P2,1,3,36,16,0
A00597,FIN,P2,1,5,47,16,0
A00598,FIN,P2,1,4,23,0,0
A00599,FIN,P2,1,5,36,17,0
A00600,FIN,P2,1,5,45,52,0
A00601,FIN,P2,1,5,48,1,0
A00602,FIN,P2,1,4,43,200,0
A00603,FIN,P2,1,5,63,17,0
A00604,FIN,P2,1,5,57,25,0
A00605,FIN,P2,1,5,82,3,1
A00606,FIN,P2,1,5,40,10,0
A00607,FIN,P2,1,4,57,77,0
A00608,FIN,P2,1,4,22,46,0
A00609,FIN,P2,1,5,75,53,0
A00610,FIN,P2,0,0,0,0,0
A00611,FIN,P2,1,5,59,17,0
A00612,FIN,P2,1,5,60,24,0
A00613,FIN,P2,1,5,33,17,0
A00614,FIN,P2,1,4,49,97,0
A00615,FIN,P2,1,5,29,5,0
A00616,FIN,P2,1,5,39,31,0
A00617,FIN,P2,1,5,34,12,0
A00618,FIN,P2,1,5,47,1,0
A00619,FIN,P2,1,5,48,30,0
A00620,FIN,P2,1,3,66,24,0
A00621,FIN,P2,1,4,39,4,0
A00622,FIN,P2,1,4,25,26,0
A00623,FIN,P2,1,5,44,30,0
A00624,FIN,P2,1,4,25,33,0
A00625,FIN,P2,1,4,66,33,0
A00626,FIN,P2,1,5,19,1,0
A00627,FIN,P2,1,5,33,3,0
A00628,FIN,P2,1,4,30,26,0
A00629,FIN,P2,1,5,27,80,0
A00630,FIN,P2,1,5,30,26,0
A00631,FIN,P2,0,0,0,0,0
A00632,FIN,P2,1,5,47,15,0
A00633,FIN,P2,1,5,33,119,0
A00634,FIN,P2,1,5,25,5,0
A00635,FIN,P2,1,5,21,13,0
A00636,FIN,P2,1,5,57,29,0
A00637,FIN,P2,1,5,52,14,0
A00638,FIN,P2,1,5,52,43,0
A00639,FIN,P2,1,5,36,1,0
A00640,FIN,P2,1,4,29,3,0
A00641,FIN,P2,1,4,66,19,0
A00642,FIN,P2,1,5,65,17,0
A00643,FIN,P2,1,4,47,7,0
A00644,FIN,P2,1,5,56,8,0
A00645,FIN,P2,1,5,35,25,0
A00646,FIN,P2,0,0,0,0,0
A00647,FIN,P2,1,5,44,12,0
A00648,FIN,P2,1,4,51,73,0
A00649,FIN,P2,1,4,72,11,0
A00650,FIN,P2,1,4,26,20,0
A00651,FIN,P2,1,5,33,28,0
A00652,FIN,P2,1,4,72,32,0
A00653,FIN,P2,1,5,38,90,0
A00654,FIN,P2,1,5,25,15,0
A00655,FIN,P2,1,5,53,29,0
A00656,FIN,P2,1,4,60,42,0
A00657,FIN,P2,1,4,54,13,0
A00658,FIN,P2,1,5,65,1,0
A00659,FIN,P2,1,5,66,16,0
A00660,FIN,P2,1,3,56,16,0
A00661,FIN,P2,1,4,24,42,0
A00662,FIN,P2,1,3,32,0,0
A00663,FIN,P2,1,5,64,7,0
A00664,FIN,P2,1,5,49,2,0
A00665,FIN,P2,1,5,66,2,0
A00666,FIN,P2,1,5,68,14,0
A00667,FIN,P2,1,5,20,1,0
A00668,FIN,P2,1,5,49,4,0
A00669,FIN,P2,1,3,53,47,0
A00670,FIN,P2,1,5,53,15,0
A00671,FIN,P2,1,5,50,13,0
A00672,FIN,P2,1,4,30,10,0
A00673,IT,P2,1,4,42,84,0
A00674,IT,P2,1,4,41,22,0
A00675,IT,P2,1,5,75,23,0
A00676,IT,P2,1,5,37,14,0
A00677,IT,P2,1,5,36,2,0
A00678,IT,P2,1,4,30,3,0
A00679,IT,P2,1,5,34,8,0
A00680,IT,P2,1,5,31,10,0
A00681,IT,P2,1,5,33,11,0
A00682,IT,P2,1,3,19,11,0
A00683,IT,P2,1,5,53,6,0
A00684,IT,P2,0,0,0,0,0
A00685,IT,P2,1,5,25,42,0
A00686,IT,P2,1,5,20,53,0
A00687,IT,P2,1,5,47,1,0
A00688,IT,P2,1,4,56,3,0
A00689,IT,P2,1,4,73,7,0
A00690,IT,P2,1,5,46,4,0
A00691,IT,P2,1,5,31,3,0
A00692,IT,P2,1,5,33,21,0
A00693,IT,P2,1,5,45,8,0
A00694,IT,P2,1,5,36,17,0
A00695,IT,P2,1,5,76,50,0
A00696,IT,P2,1,5,26,38,0
A00697,IT,P2,1,5,6,32,0
A00698,IT,P2,1,4,41,42,0
A00699,IT,P2,1,5,10,10,0
A00700,IT,P2,1,5,49,7,0
A00701,IT,P2,1,3,41,41,0
A00702,IT,P2,1,3,30,10,0
A00703,IT,P2,1,5,10,1,0
A00704,IT,P2,1,5,29,28,0
A00705,IT,P2,1,5,47,11,0
A00706,IT,P2,1,5,28,1,0
A00707,IT,P2,1,5,26,1,0
A00708,IT,P2,1,5,54,13,0
A00709,IT,P2,1,5,38,5,0
A00710,IT,P2,1,5,44,12,0
A00711,IT,P2,1,5,26,52,0
A00712,IT,P2,1,5,56,8,0
A00713,IT,P2,1,4,54,70,0
A00714,IT,P2,1,4,53,2,0
A00715,IT,P2,1,5,7,18,0
A00716,IT,P2,1,4,30,1,0
A00717,IT,P2,1,5,39,4,0
A00718,IT,P2,1,3,17,37,0
A00719,IT,P2,1,5,39,1,0
A00720,IT,P2,1,5,37,20,0
A00721,IT,P2,1,4,28,4,0
A00722,IT,P2,1,5,65,63,0
A00723,IT,P2,1,5,37,7,0
A00724,IT,P2,1,4,24,12,0
A00725,IT,P2,1,4,32,4,0
A00726,IT,P2,1,5,55,15,0
A00727,IT,P2,1,5,40,8,0
A00728,IT,P2,1,4,27,9,0
A00729,IT,P2,1,4,44,23,0
A00730,IT,P2,1,5,54,10,0
A00731,IT,P2,1,4,26,48,0
A00732,IT,P2,1,4,28,28,0
A00733,IT,P2,1,4,17,7,0
A00734,IT,P2,1,5,31,8,0
A00735,IT,P2,1,3,40,22,0
A00736,IT,P2,1,5,50,7,0
A00737,IT,P2,1,4,60,15,0
A00738,IT,P2,1,5,45,10,0
A00739,IT,P2,1,4,26,21,0
A00740,IT,P2,1,5,55,8,0
A00741,IT,P2,1,5,22,26,0
A00742,IT,P2,1,4,26,19,0
A00743,IT,P2,1,5,37,23,0
A00744,IT,P2,1,5,34,4,0
A00745,IT,P2,1,4,43,2,0
A00746,IT,P2,1,5,63,9,0
A00747,IT,P2,1,5,32,45,0
A00748,IT,P2,1,5,53,10,0
A00749,IT,P2,1,5,18,10,0
A00750,IT,P2,1,5,33,12,0
A00751,IT,P2,1,4,59,27,0
A00752,IT,P2,1,5,23,6,0
A00753,IT,P2,1,5,37,12,0
A00754,IT,P2,1,5,42,3,0
A00755,IT,P2,1,5,25,1,0
A00756,IT,P2,1,5,31,20,0
A00757,IT,P2,1,5,33,67,0
A00758,IT,P2,1,4,55,12,0
A00759,IT,P2,1,5,47,1,0
A00760,IT,P2,1,5,25,6,0
A00761,IT,P2,1,5,54,32,0
A00762,IT,P2,1,5,32,3,0
A00763,IT,P2,1,5,45,28,0
A00764,IT,P2,1,5,31,39,0
A00765,IT,P2,1,4,21,8,0
A00766,IT,P2,1,3,42,6,0
A00767,IT,P2,1,5,28,22,0
A00768,IT,P2,1,5,39,27,0
A00769,IT,P2,1,4,52,5,0
A00770,IT,P2,1,3,54,8,0
A00771,IT,P2,1,5,35,26,0
A00772,IT,P2,1,4,68,4,0
A00773,IT,P2,1,4,26,56,0
A00774,IT,P2,1,5,49,22,0
A00775,IT,P2,1,5,64,8,0
A00776,IT,P2,1,5,30,5,0
A00777,IT,P2,1,5,41,38,0
A00778,IT,P2,1,5,42,14,0
A00779,IT,P2,1,5,49,27,0
A00780,IT,P2,1,5,33,24,0
A00781,IT,P2,1,5,49,3,0
A00782,IT,P2,1,4,28,18,0
A00783,IT,P2,1,4,39,20,0
A00784,IT,P2,1,5,33,37,0
A00785,IT,P2,1,5,27,52,0
A00786,IT,P2,1,5,38,13,0
A00787,IT,P2,1,5,25,4,0
A00788,IT,P2,1,5,55,10,0
A00789,IT,P2,1,5,28,37,0
A00790,IT,P2,1,5,15,10,0
A00791,IT,P2,1,4,63,19,0
A00792,IT,P2,1,5,48,37,0
A00793,IT,P2,1,5,61,2,0
A00794,IT,P2,1,5,39,1,0
A00795,IT,P2,1,5,39,7,0
A00796,IT,P2,1,5,36,1,0
A00797,IT,P2,1,5,49,9,0
A00798,IT,P2,1,4,51,36,0
A00799,IT,P2,1,5,46,21,0
A00800,IT,P2,1,5,49,32,0
A00801,IT,P2,1,5,28,35,0
A00802,IT,P2,1,4,26,3,0
A00803,IT,P2,1,5,53,16,0
A00804,IT,P2,1,4,34,18,0
A00805,IT,P2,1,5,41,8,0
A00806,IT,P2,1,4,35,29,0
A00807,IT,P2,1,5,19,8,0
A00808,IT,P2,1,4,69,18,0
A00809,IT,P2,1,5,48,11,0
A00810,IT,P2,1,5,15,11,0
A00811,IT,P2,1,5,33,36,0
A00812,IT,P2,1,5,64,12,0
A00813,IT,P2,1,4,40,18,0
A00814,IT,P2,1,4,33,15,0
A00815,IT,P2,1,5,36,0,0
A00816,IT,P2,1,4,42,10,0
A00817,IT,P2,1,5,48,41,0
A00818,IT,P2,1,4,17,1,0
A00819,IT,P2,1,5,40,19,0
A00820,IT,P2,1,5,49,20,0
A00821,IT,P2,1,5,41,16,0
A00822,IT,P2,1,3,55,10,0
A00823,IT,P2,1,5,45,76,0
A00824,IT,P2,1,5,40,12,0
A00825,IT,P2,1,5,46,12,0
A00826,IT,P2,1,5,40,27,0
A00827,IT,P2,1,5,36,31,0
A00828,IT,P2,1,4,15,12,0
A00829,IT,P2,1,5,33,16,0
A00830,IT,P2,1,5,81,9,1
A00831,IT,P2,1,5,43,7,0
A00832,IT,P2,1,5,61,14,0
A00833,RND,P2,1,5,49,29,0
A00834,RND,P2,0,0,0,0,0
A00835,RND,P2,1,4,44,28,0
A00836,RND,P2,0,0,0,0,0
A00837,RND,P2,1,4,38,96,0
A00838,RND,P2,0,0,0,0,0
A00839,RND,P2,0,0,0,0,0
A00840,RND,P2,1,5,46,14,0
A00841,RND,P2,1,5,58,36,0
A00842,RND,P2,0,0,0,0,0
A00843,RND,P2,1,3,84,28,1
A00844,RND,P2,1,5,55,81,0
A00845,RND,P2,1,3,53,69,0
A00846,RND,P2,1,4,76,26,0
A00847,RND,P2,0,0,0,0,0
A00848,RND,P2,1,4,61,104,0
A00849,RND,P2,1,4,83,3,1
A00850,RND,P2,1,3,98,164,1
A00851,RND,P2,1,4,55,29,0
A00852,RND,P2,1,3,51,89,0
A00853,RND,P2,1,3,84,94,1
A00854,RND,P2,0,0,0,0,0
A00855,RND,P2,1,3,53,81,0
A00856,RND,P2,1,4,100,0,0
A00857,RND,P2,1,4,82,172,0
A00858,RND,P2,1,4,74,47,0
A00859,RND,P2,1,4,46,12,0
A00860,RND,P2,1,3,88,87,0
A00861,RND,P2,1,4,74,70,0
A00862,RND,P2,1,5,52,47,0
A00863,RND,P2,0,0,0,0,0
A00864,RND,P2,1,5,100,15,0
A00865,RND,P2,0,0,0,0,0
A00866,RND,P2,1,5,69,1,0
A00867,RND,P2,1,4,81,28,0
A00868,RND,P2,1,5,67,212,0
A00869,RND,P2,1,4,45,99,0
A00870,RND,P2,1,4,97,62,0
A00871,RND,P2,0,0,0,0,0
A00872,RND,P2,0,0,0,0,0
A00873,RND,P2,0,0,0,0,0
A00874,RND,P2,0,0,0,0,0
A00875,RND,P2,1,2,66,41,0
A00876,RND,P2,1,4,67,33,0
A00877,RND,P2,1,4,72,74,0
A00878,RND,P2,1,3,71,62,0
A00879,RND,P2,0,0,0,0,0
A00880,RND,P2,1,3,54,94,0
A00881,RND,P2,0,0,0,0,0
A00882,RND,P2,0,0,0,0,0
A00883,RND,P2,0,0,0,0,0
A00884,RND,P2,1,4,78,24,0
A00885,RND,P2,0,0,0,0,0
A00886,RND,P2,1,5,79,174,0
A00887,RND,P2,1,5,69,10,0
A00888,RND,P2,1,3,46,103,0
A00889,RND,P2,1,5,49,8,0
A00890,RND,P2,1,4,32,67,0
A00891,RND,P2,1,4,52,73,0
A00892,RND,P2,1,3,45,9,0
A00893,RND,P2,1,4,86,49,0
A00894,RND,P2,1,2,72,40,0
A00895,RND,P2,1,5,64,38,0
A00896,RND,P2,1,4,89,55,1
A00897,RND,P2,1,5,60,12,0
A00898,RND,P2,0,0,0,0,0
A00899,RND,P2,1,4,62,33,0
A00900,RND,P2,1,4,79,32,0
A00901,RND,P2,1,1,74,30,0
A00902,RND,P2,0,0,0,0,0
A00903,RND,P2,1,5,66,31,0
A00904,RND,P2,1,5,54,31,0
A00905,RND,P2,0,0,0,0,0
A00906,RND,P2,1,4,55,31,0
A00907,RND,P2,1,4,95,52,0
A00908,RND,P2,1,4,53,95,0
A00909,RND,P2,0,0,0,0,0
A00910,RND,P2,1,4,85,2,0
A00911,RND,P2,1,4,90,168,0
A00912,RND,P2,0,0,0,0,0
A00913,RND,P2,1,5,81,50,0
A00914,RND,P2,1,5,69,102,0
A00915,RND,P2,1,5,63,96,0
A00916,RND,P2,1,4,83,185,0
A00917,RND,P2,1,4,44,26,0
A00918,RND,P2,1,5,61,74,0
A00919,RND,P2,1,4,50,103,0
A00920,RND,P2,1,5,48,49,0
A00921,RND,P2,1,3,31,49,0
A00922,RND,P2,1,4,85,28,0
A00923,RND,P2,1,4,74,35,0
A00924,RND,P2,0,0,0,0,0
A00925,RND,P2,1,4,76,18,0
A00926,RND,P2,1,3,83,58,0
A00927,RND,P2,1,3,47,28,0
A00928,RND,P2,1,4,59,160,0
A00929,RND,P2,0,0,0,0,0
A00930,RND,P2,1,4,89,11,0
A00931,RND,P2,1,3,61,39,0
A00932,RND,P2,0,0,0,0,0
A00933,RND,P2,1,5,69,23,0
A00934,RND,P2,1,4,50,15,0
A00935,RND,P2,1,5,55,90,0
A00936,RND,P2,1,3,39,112,0
A00937,RND,P2,1,4,36,27,0
A00938,RND,P2,1,4,7,4,0
A00939,RND,P2,1,2,67,190,0
A00940,RND,P2,1,4,52,29,0
A00941,RND,P2,1,3,67,10,0
A00942,RND,P2,1,3,43,34,0
A00943,RND,P2,1,2,43,113,0
A00944,RND,P2,1,2,76,75,0
A00945,RND,P2,1,5,78,82,0
A00946,RND,P2,1,3,67,9,0
A00947,RND,P2,1,5,71,48,0
A00948,RND,P2,1,3,56,99,0
A00949,RND,P2,1,3,81,21,2
A00950,RND,P2,1,4,75,28,0
A00951,RND,P2,0,0,0,0,0
A00952,RND,P2,1,3,34,48,0
A00953,RND,P2,1,4,72,10,0
A00954,RND,P2,1,2,30,65,0
A00955,RND,P2,1,4,72,12,0
A00956,RND,P2,1,3,58,94,0
A00957,RND,P2,1,4,70,3,0
A00958,RND,P2,1,4,62,201,0
A00959,RND,P2,0,0,0,0,0
A00960,RND,P2,1,4,79,170,0
A00961,RND,P2,1,5,48,80,0
A00962,RND,P2,1,3,47,32,0
A00963,RND,P2,1,3,98,40,0
A00964,RND,P2,1,5,100,60,0
A00965,RND,P2,1,5,90,5,0
A00966,RND,P2,0,0,0,0,0
A00967,RND,P2,1,4,79,3,0
A00968,RND,P2,1,5,66,4,0
A00969,RND,P2,1,4,70,0,0
A00970,RND,P2,1,4,63,131,0
A00971,RND,P2,1,4,55,151,0
A00972,RND,P2,1,5,38,156,0
A00973,RND,P2,1,4,90,66,1
A00974,RND,P2,1,5,82,58,0
A00975,RND,P2,0,0,0,0,0
A00976,RND,P2,0,0,0,0,0
A00977,RND,P2,1,4,65,154,0
A00978,RND,P2,1,4,47,16,0
A00979,RND,P2,1,4,64,104,0
A00980,RND,P2,1,4,73,80,0
A00981,RND,P2,0,0,0,0,0
A00982,RND,P2,1,5,73,29,0
A00983,RND,P2,1,5,44,26,0
A00984,RND,P2,1,4,60,32,0
A00985,RND,P2,1,3,63,13,0
A00986,RND,P2,0,0,0,0,0
A00987,RND,P2,1,4,20,130,0
A00988,RND,P2,1,4,77,133,0
A00989,RND,P2,1,2,81,27,0
A00990,RND,P2,1,4,43,11,0
A00991,RND,P2,1,4,58,86,0
A00992,RND,P2,0,0,0,0,0
A00993,RND,P2,1,5,35,16,0
A00994,RND,P2,1,5,65,5,0
A00995,RND,P2,1,4,61,29,0
A00996,RND,P2,1,2,56,158,0
A00997,RND,P2,1,5,64,24,0
A00998,RND,P2,1,4,74,42,0
A00999,RND,P2,1,4,82,12,0
A01000,RND,P2,1,4,40,22,0
A01001,RND,P2,1,3,43,208,0
A01002,RND,P2,0,0,0,0,0
A01003,RND,P2,1,5,83,36,0
A01004,RND,P2,1,5,75,101,0
A01005,RND,P2,1,5,42,36,0
A01006,RND,P2,1,4,39,13,0
A01007,RND,P2,1,5,75,4,0
A01008,RND,P2,1,4,55,5,0
A01009,RND,P2,1,5,67,66,0
A01010,RND,P2,1,5,71,46,0
A01011,RND,P2,1,3,38,128,0
A01012,RND,P2,1,2,68,6,0
A01013,RND,P2,1,5,100,202,0
A01014,RND,P2,1,2,59,78,0
A01015,RND,P2,0,0,0,0,0
A01016,RND,P2,1,5,57,40,0
A01017,RND,P2,1,4,75,39,0
A01018,RND,P2,1,4,69,16,0
A01019,RND,P2,1,3,29,38,0
A01020,RND,P2,1,4,57,20,0
A01021,RND,P2,1,3,93,24,0
A01022,RND,P2,1,4,71,10,0
A01023,RND,P2,1,5,59,74,0
A01024,RND,P2,1,5,55,5,0
A01025,RND,P2,1,5,76,184,0
A01026,RND,P2,1,4,53,2,0
A01027,RND,P2,1,4,64,28,0
A01028,RND,P2,1,4,86,9,0
A01029,RND,P2,0,0,0,0,0
A01030,RND,P2,1,5,44,120,0
A01031,RND,P2,1,5,96,52,1
A01032,RND,P2,1,3,43,10,0
A01033,RND,P2,1,4,84,40,2
A01034,RND,P2,1,4,69,38,0
A01035,RND,P2,0,0,0,0,0
A01036,RND,P2,1,5,60,24,0
A01037,RND,P2,1,5,63,6,0
A01038,RND,P2,1,1,59,33,0
A01039,RND,P2,0,0,0,0,0
A01040,RND,P2,1,5,57,78,0
A01041,RND,P2,1,4,89,31,0
A01042,RND,P2,1,4,69,58,0
A01043,RND,P2,0,0,0,0,0
A01044,RND,P2,1,5,9,104,0
A01045,RND,P2,0,0,0,0,0
A01046,RND,P2,0,0,0,0,0
A01047,RND,P2,1,3,64,60,0
A01048,RND,P2,1,1,76,20,0
A01049,RND,P2,1,4,89,33,0
A01050,RND,P2,1,4,59,70,0
A01051,RND,P2,1,5,33,52,0
A01052,RND,P2,1,4,57,21,0
A01053,RND,P2,1,5,88,19,0
A01054,RND,P2,1,4,73,21,0
A01055,RND,P2,1,5,68,1,0
A01056,RND,P2,1,5,49,16,0
A01057,RND,P2,0,0,0,0,0
A01058,RND,P2,1,3,66,29,0
A01059,RND,P2,1,4,46,2,0
A01060,RND,P2,0,0,0,0,0
A01061,RND,P2,0,0,0,0,0
A01062,RND,P2,1,5,32,10,0
A01063,RND,P2,1,4,72,360,0
A01064,RND,P2,1,3,58,112,0
A01065,RND,P2,1,3,63,7,0
A01066,RND,P2,1,4,93,64,2
A01067,RND,P2,1,4,42,3,0
A01068,RND,P2,1,2,61,295,0
A01069,RND,P2,0,0,0,0,0
A01070,RND,P2,1,4,86,103,0
A01071,RND,P2,1,3,57,59,0
A01072,RND,P2,1,5,65,62,0
A01073,RND,P2,1,5,64,34,0
A01074,RND,P2,1,3,41,105,0
A01075,RND,P2,0,0,0,0,0
A01076,RND,P2,1,5,68,23,0
A01077,RND,P2,1,3,66,13,0
A01078,RND,P2,1,2,42,261,0
A01079,RND,P2,1,3,76,26,0
A01080,RND,P2,1,4,73,72,0
A01081,RND,P2,1,4,68,98,0
A01082,RND,P2,1,5,64,5,0
A01083,RND,P2,0,0,0,0,0
A01084,RND,P2,1,4,100,22,0
A01085,RND,P2,1,4,49,126,0
A01086,RND,P2,1,4,46,98,0
A01087,RND,P2,0,0,0,0,0
A01088,RND,P2,0,0,0,0,0
A01089,RND,P2,1,4,52,14,0
A01090,RND,P2,1,3,81,75,0
A01091,RND,P2,1,5,39,120,0
A01092,RND,P2,1,3,69,10,0
A01093,RND,P2,1,4,41,27,0
A01094,RND,P2,1,4,63,13,0
A01095,RND,P2,1,4,66,8,0
A01096,RND,P2,0,0,0,0,0
A01097,RND,P2,1,5,57,8,0
A01098,RND,P2,1,5,78,16,0
A01099,RND,P2,1,5,64,10,0
A01100,RND,P2,1,3,83,54,2
A01101,RND,P2,1,4,82,0,1
A01102,RND,P2,1,3,45,81,0
A01103,RND,P2,0,0,0,0,0
A01104,RND,P2,1,4,62,46,0
A01105,RND,P2,1,3,75,121,0
A01106,RND,P2,1,4,56,26,0
A01107,RND,P2,1,4,100,12,1
A01108,RND,P2,1,3,79,127,0
A01109,RND,P2,0,0,0,0,0
A01110,RND,P2,1,5,71,11,0
A01111,RND,P2,1,4,46,45,0
A01112,RND,P2,1,4,81,69,0
A01113,RND,P2,1,5,72,7,0
A01114,RND,P2,0,0,0,0,0
A01115,RND,P2,1,3,70,59,0
A01116,RND,P2,1,3,59,70,0
A01117,RND,P2,0,0,0,0,0
A01118,RND,P2,1,4,43,2,0
A01119,RND,P2,1,4,93,90,2
A01120,RND,P2,1,4,71,94,0
A01121,RND,P2,1,5,38,172,0
A01122,RND,P2,1,3,53,70,0
A01123,RND,P2,0,0,0,0,0
A01124,RND,P2,0,0,0,0,0
A01125,RND,P2,1,5,67,61,0
A01126,RND,P2,1,4,94,3,2
A01127,RND,P2,1,3,41,26,0
A01128,RND,P2,1,4,41,22,0
A01129,RND,P2,1,4,78,41,0
A01130,RND,P2,1,5,49,67,0
A01131,RND,P2,1,5,65,45,0
A01132,RND,P2,1,4,69,86,0
A01133,RND,P2,1,4,94,51,2
A01134,RND,P2,1,4,54,17,0
A01135,RND,P2,1,4,100,18,1
A01136,RND,P2,1,3,54,9,0
A01137,RND,P2,1,5,54,55,0
A01138,RND,P2,1,5,78,33,0
A01139,RND,P2,1,5,87,9,1
A01140,RND,P2,1,4,47,95,0
A01141,RND,P2,1,2,62,48,0
A01142,RND,P2,1,4,40,150,0
A01143,RND,P2,1,4,75,60,0
A01144,RND,P2,1,4,76,25,0
A01145,RND,P2,1,4,58,12,0
A01146,RND,P2,1,4,42,157,0
A01147,RND,P2,1,3,45,78,0
A01148,RND,P2,1,4,85,43,0
A01149,RND,P2,1,3,54,55,0
A01150,RND,P2,1,4,73,38,0
A01151,RND,P2,1,2,32,20,0
A01152,RND,P2,1,3,86,103,0
A01153,RND,P2,1,5,63,134,0
A01154,RND,P2,1,5,75,88,0
A01155,RND,P2,0,0,0,0,0
A01156,RND,P2,1,5,66,54,0
A01157,RND,P2,1,3,60,203,0
A01158,RND,P2,0,0,0,0,0
A01159,RND,P2,1,4,56,16,0
A01160,RND,P2,1,4,87,15,0
A01161,RND,P2,1,3,35,175,0
A01162,RND,P2,1,4,55,105,0
A01163,RND,P2,1,4,49,18,0
A01164,RND,P2,0,0,0,0,0
A01165,RND,P2,1,2,29,23,0
A01166,RND,P2,1,4,61,10,0
A01167,RND,P2,1,5,47,143,0
A01168,RND,P2,1,5,57,60,0
A01169,RND,P2,1,5,73,6,0
A01170,RND,P2,1,5,62,66,0
A01171,RND,P2,1,4,56,42,0
A01172,RND,P2,1,3,81,15,2
A01173,RND,P2,0,0,0,0,0
A01174,RND,P2,1,4,69,114,0
A01175,RND,P2,0,0,0,0,0
A01176,RND,P2,1,5,58,5,0
A01177,RND,P2,1,2,45,3,0
A01178,RND,P2,1,3,49,55,0
A01179,RND,P2,1,3,38,300,0
A01180,RND,P2,1,4,64,58,0
A01181,RND,P2,1,3,55,13,0
A01182,RND,P2,1,5,40,97,0
A01183,RND,P2,1,5,69,96,0
A01184,RND,P2,0,0,0,0,0
A01185,OPS_IT_A,P2,0,0,0,0,0
A01186,OPS_IT_A,P2,1,4,69,139,0
A01187,OPS_IT_A,P2,0,0,0,0,0
A01188,OPS_IT_A,P2,1,4,65,107,0
A01189,OPS_IT_A,P2,1,4,47,39,0
A01190,OPS_IT_A,P2,1,5,51,166,0
A01191,OPS_IT_A,P2,1,3,57,43,0
A01192,OPS_IT_A,P2,1,3,47,135,0
A01193,OPS_IT_A,P2,1,3,51,38,0
A01194,OPS_IT_A,P2,0,0,0,0,0
A01195,OPS_IT_A,P2,1,4,88,233,0
A01196,OPS_IT_A,P2,1,1,85,93,0
A01197,OPS_IT_A,P2,1,4,55,91,0
A01198,OPS_IT_A,P2,0,0,0,0,0
A01199,OPS_IT_A,P2,0,0,0,0,0
A01200,OPS_IT_A,P2,1,3,99,44,1
A01201,OPS_IT_A,P2,0,0,0,0,0
A01202,OPS_IT_A,P2,0,0,0,0,0
A01203,OPS_IT_A,P2,0,0,0,0,0
A01204,OPS_IT_A,P2,1,4,61,24,0
A01205,OPS_IT_A,P2,1,3,74,94,0
A01206,OPS_IT_A,P2,1,5,62,18,0
A01207,OPS_IT_A,P2,1,3,58,44,0
A01208,OPS_IT_A,P2,0,0,0,0,0
A01209,OPS_IT_A,P2,1,4,53,61,0
A01210,OPS_IT_A,P2,1,3,61,321,0
A01211,OPS_IT_A,P2,1,4,82,220,0
A01212,OPS_IT_A,P2,1,2,52,52,0
A01213,OPS_IT_A,P2,0,0,0,0,0
A01214,OPS_IT_A,P2,1,4,51,31,0
A01215,OPS_IT_A,P2,1,4,55,21,0
A01216,OPS_IT_A,P2,1,5,28,94,0
A01217,OPS_IT_A,P2,1,3,56,3,0
A01218,OPS_IT_A,P2,1,3,56,139,0
A01219,OPS_IT_A,P2,1,3,65,2,0
A01220,OPS_IT_A,P2,1,4,91,33,0
A01221,OPS_IT_A,P2,1,5,50,35,0
A01222,OPS_IT_A,P2,1,5,55,87,0
A01223,OPS_IT_A,P2,1,5,79,109,0
A01224,OPS_IT_A,P2,1,4,73,51,0
A01225,OPS_IT_A,P2,0,0,0,0,0
A01226,OPS_IT_A,P2,1,5,40,70,0
A01227,OPS_IT_A,P2,0,0,0,0,0
A01228,OPS_IT_A,P2,1,5,58,7,0
A01229,OPS_IT_A,P2,1,4,66,11,0
A01230,OPS_IT_A,P2,1,3,45,20,0
A01231,OPS_IT_A,P2,1,5,74,87,0
A01232,OPS_IT_A,P2,1,4,82,66,0
A01233,OPS_IT_A,P2,0,0,0,0,0
A01234,OPS_IT_A,P2,1,4,53,230,0
A01235,OPS_IT_A,P2,1,5,64,13,0
A01236,OPS_IT_A,P2,1,4,70,113,0
A01237,OPS_IT_A,P2,1,5,64,262,0
A01238,OPS_IT_A,P2,0,0,0,0,0
A01239,OPS_IT_A,P2,1,5,53,79,0
A01240,OPS_IT_A,P2,0,0,0,0,0
A01241,OPS_IT_A,P2,1,4,53,23,0
A01242,OPS_IT_A,P2,1,4,49,69,0
A01243,OPS_IT_A,P2,1,4,48,152,0
A01244,OPS_IT_A,P2,0,0,0,0,0
A01245,OPS_IT_A,P2,1,4,51,62,0
A01246,OPS_IT_A,P2,1,4,74,145,0
A01247,OPS_IT_A,P2,1,4,77,53,0
A01248,OPS_IT_A,P2,1,4,83,162,0
A01249,OPS_IT_A,P2,1,4,63,151,0
A01250,OPS_IT_A,P2,1,4,54,61,0
A01251,OPS_IT_A,P2,0,0,0,0,0
A01252,OPS_IT_A,P2,0,0,0,0,0
A01253,OPS_IT_A,P2,1,5,43,12,0
A01254,OPS_IT_A,P2,1,5,87,62,0
A01255,OPS_IT_A,P2,1,4,77,1,0
A01256,OPS_IT_A,P2,1,3,78,23,0
A01257,OPS_IT_A,P2,0,0,0,0,0
A01258,OPS_IT_A,P2,1,4,55,89,0
A01259,OPS_IT_A,P2,0,0,0,0,0
A01260,OPS_IT_A,P2,0,0,0,0,0
A01261,OPS_IT_A,P2,1,2,29,20,0
A01262,OPS_IT_A,P2,1,3,68,122,0
A01263,OPS_IT_A,P2,1,4,83,51,0
A01264,OPS_IT_A,P2,1,5,64,9,0
A01265,OPS_IT_A,P2,1,2,93,58,0
A01266,OPS_IT_A,P2,1,5,52,129,0
A01267,OPS_IT_A,P2,1,2,35,68,0
A01268,OPS_IT_A,P2,1,4,50,244,0
A01269,OPS_IT_A,P2,1,5,69,17,0
A01270,OPS_IT_A,P2,1,4,51,115,0
A01271,OPS_IT_A,P2,1,4,63,78,0
A01272,OPS_IT_A,P2,1,5,69,202,0
A01273,OPS_IT_A,P2,1,5,52,121,0
A01274,OPS_IT_A,P2,0,0,0,0,0
A01275,OPS_IT_A,P2,1,5,68,105,0
A01276,OPS_IT_A,P2,0,0,0,0,0
A01277,OPS_IT_A,P2,1,4,62,178,0
A01278,OPS_IT_A,P2,1,4,59,14,0
A01279,OPS_IT_A,P2,0,0,0,0,0
A01280,OPS_IT_A,P2,1,4,63,83,0
A01281,OPS_IT_A,P2,1,5,64,68,0
A01282,OPS_IT_A,P2,1,5,82,189,1
A01283,OPS_IT_A,P2,1,4,81,37,1
A01284,OPS_IT_A,P2,1,4,85,94,0
A01285,OPS_IT_A,P2,1,4,84,7,1
A01286,OPS_IT_A,P2,1,5,35,225,0
A01287,OPS_IT_A,P2,1,4,89,29,0
A01288,OPS_IT_A,P2,1,5,54,7,0
A01289,OPS_IT_A,P2,0,0,0,0,0
A01290,OPS_IT_A,P2,1,4,73,108,0
A01291,OPS_IT_A,P2,1,4,69,117,0
A01292,OPS_IT_A,P2,1,3,47,35,0
A01293,OPS_IT_A,P2,1,3,48,16,0
A01294,OPS_IT_A,P2,0,0,0,0,0
A01295,OPS_IT_A,P2,1,5,31,20,0
A01296,OPS_IT_A,P2,1,4,82,173,1
A01297,OPS_IT_A,P2,1,4,51,171,0
A01298,OPS_IT_A,P2,1,4,65,48,0
A01299,OPS_IT_A,P2,1,3,91,1,0
A01300,OPS_IT_A,P2,1,4,98,44,0
A01301,OPS_IT_A,P2,1,4,88,42,1
A01302,OPS_IT_A,P2,1,3,39,117,0
A01303,OPS_IT_A,P2,0,0,0,0,0
A01304,OPS_IT_A,P2,1,4,70,38,0
A01305,OPS_IT_A,P2,1,3,67,23,0
A01306,OPS_IT_A,P2,1,4,45,3,0
A01307,OPS_IT_A,P2,1,5,62,262,0
A01308,OPS_IT_A,P2,1,3,56,8,0
A01309,OPS_IT_A,P2,1,4,71,96,0
A01310,OPS_IT_A,P2,1,5,64,9,0
A01311,OPS_IT_A,P2,1,5,95,90,0
A01312,OPS_IT_A,P2,1,5,62,234,0
A01313,OPS_IT_A,P2,1,3,51,60,0
A01314,OPS_IT_A,P2,1,5,84,345,0
A01315,OPS_IT_A,P2,0,0,0,0,0
A01316,OPS_IT_A,P2,1,4,57,33,0
A01317,OPS_IT_A,P2,1,5,61,6,0
A01318,OPS_IT_A,P2,1,5,100,47,0
A01319,OPS_IT_A,P2,1,5,64,110,0
A01320,OPS_IT_A,P2,1,4,53,100,0
A01321,OPS_IT_A,P2,1,5,53,193,0
A01322,OPS_IT_A,P2,1,5,61,545,0
A01323,OPS_IT_A,P2,1,3,31,50,0
A01324,OPS_IT_A,P2,1,5,91,324,0
A01325,OPS_IT_A,P2,1,3,65,33,0
A01326,OPS_IT_A,P2,0,0,0,0,0
A01327,OPS_IT_A,P2,1,5,73,98,0
A01328,OPS_IT_A,P2,0,0,0,0,0
A01329,OPS_IT_A,P2,1,3,67,63,0
A01330,OPS_IT_A,P2,1,4,55,107,0
A01331,OPS_IT_A,P2,0,0,0,0,0
A01332,OPS_IT_A,P2,1,4,77,38,0
A01333,OPS_IT_A,P2,1,4,71,0,0
A01334,OPS_IT_A,P2,0,0,0,0,0
A01335,OPS_IT_A,P2,0,0,0,0,0
A01336,OPS_IT_A,P2,1,4,43,251,0
A01337,OPS_IT_A,P2,0,0,0,0,0
A01338,OPS_IT_A,P2,1,3,69,166,0
A01339,OPS_IT_A,P2,0,0,0,0,0
A01340,OPS_IT_A,P2,1,3,45,122,0
A01341,OPS_IT_A,P2,1,4,73,0,0
A01342,OPS_IT_A,P2,0,0,0,0,0
A01343,OPS_IT_A,P2,1,4,90,41,1
A01344,OPS_IT_A,P2,1,5,58,80,0
A01345,OPS_IT_A,P2,1,5,52,260,0
A01346,OPS_IT_A,P2,0,0,0,0,0
A01347,OPS_IT_A,P2,1,5,72,40,0
A01348,OPS_IT_A,P2,1,4,58,57,0
A01349,OPS_IT_A,P2,1,3,65,132,0
A01350,OPS_IT_A,P2,1,4,62,64,0
A01351,OPS_IT_A,P2,0,0,0,0,0
A01352,OPS_IT_A,P2,0,0,0,0,0
A01353,OPS_IT_A,P2,1,3,66,0,0
A01354,OPS_IT_A,P2,1,4,70,180,0
A01355,OPS_IT_A,P2,1,4,75,70,0
A01356,OPS_IT_A,P2,0,0,0,0,0
A01357,OPS_IT_A,P2,1,3,72,8,0
A01358,OPS_IT_A,P2,1,3,53,227,0
A01359,OPS_IT_A,P2,1,5,41,109,0
A01360,OPS_IT_A,P2,1,3,92,98,0
A01361,OPS_IT_A,P2,1,4,92,141,0
A01362,OPS_IT_A,P2,1,3,82,5,2
A01363,OPS_IT_A,P2,1,4,98,2,0
A01364,OPS_IT_A,P2,1,3,48,47,0
A01365,OPS_IT_A,P2,1,1,80,118,0
A01366,OPS_IT_A,P2,1,4,57,98,0
A01367,OPS_IT_A,P2,1,4,84,67,0
A01368,OPS_IT_A,P2,1,5,68,128,0
A01369,OPS_IT_A,P2,1,4,61,22,0
A01370,OPS_IT_A,P2,0,0,0,0,0
A01371,OPS_IT_A,P2,1,2,78,20,0
A01372,OPS_IT_A,P2,1,3,65,16,0
A01373,OPS_IT_A,P2,1,4,74,47,0
A01374,OPS_IT_A,P2,1,3,88,21,2
A01375,OPS_IT_A,P2,0,0,0,0,0
A01376,OPS_IT_A,P2,1,4,37,120,0
A01377,OPS_IT_A,P2,1,5,78,64,0
A01378,OPS_IT_A,P2,1,3,100,3,0
A01379,OPS_IT_A,P2,1,2,70,114,0
A01380,OPS_IT_A,P2,1,4,46,164,0
A01381,OPS_IT_A,P2,1,4,69,37,0
A01382,OPS_IT_A,P2,0,0,0,0,0
A01383,OPS_IT_A,P2,1,3,68,117,0
A01384,OPS_IT_A,P2,1,5,51,178,0
A01385,OPS_IT_A,P2,1,5,92,140,0
A01386,OPS_IT_A,P2,1,3,33,54,0
A01387,OPS_IT_A,P2,1,5,84,46,0
A01388,OPS_IT_A,P2,1,5,43,148,0
A01389,OPS_IT_A,P2,0,0,0,0,0
A01390,OPS_IT_A,P2,1,4,88,192,0
A01391,OPS_IT_A,P2,1,3,50,61,0
A01392,OPS_IT_A,P2,1,4,59,26,0
A01393,OPS_IT_A,P2,1,5,72,62,0
A01394,OPS_IT_A,P2,1,4,52,62,0
A01395,OPS_IT_A,P2,1,4,98,260,1
A01396,OPS_IT_A,P2,0,0,0,0,0
A01397,OPS_IT_A,P2,1,4,62,25,0
A01398,OPS_IT_A,P2,1,5,65,96,0
A01399,OPS_IT_A,P2,1,4,38,14,0
A01400,OPS_IT_A,P2,1,3,40,146,0
A01401,OPS_IT_A,P2,1,3,49,144,0
A01402,OPS_IT_A,P2,1,4,40,196,0
A01403,OPS_IT_A,P2,1,4,68,30,0
A01404,OPS_IT_A,P2,1,3,63,75,0
A01405,OPS_IT_A,P2,1,3,76,1,0
A01406,OPS_IT_A,P2,1,3,87,56,0
A01407,OPS_IT_A,P2,1,3,69,57,0
A01408,OPS_IT_A,P2,1,3,75,43,0
A01409,OPS_IT_A,P2,0,0,0,0,0
A01410,OPS_IT_A,P2,1,5,55,44,0
A01411,OPS_IT_A,P2,1,3,61,78,0
A01412,OPS_IT_A,P2,1,4,61,77,0
A01413,OPS_IT_A,P2,1,4,57,10,0
A01414,OPS_IT_A,P2,1,5,90,9,0
A01415,OPS_IT_A,P2,1,4,78,37,0
A01416,OPS_IT_A,P2,1,4,66,240,0
A01417,OPS_IT_A,P2,1,1,61,51,0
A01418,OPS_IT_A,P2,1,3,50,152,0
A01419,OPS_IT_A,P2,0,0,0,0,0
A01420,OPS_IT_A,P2,1,4,94,25,0
A01421,OPS_IT_A,P2,1,4,57,2,0
A01422,OPS_IT_A,P2,0,0,0,0,0
A01423,OPS_IT_A,P2,0,0,0,0,0
A01424,OPS_IT_A,P2,1,5,60,157,0
A01425,OPS_IT_A,P2,1,4,84,22,0
A01426,OPS_IT_A,P2,1,5,66,110,0
A01427,OPS_IT_A,P2,0,0,0,0,0
A01428,OPS_IT_A,P2,1,3,64,14,0
A01429,OPS_IT_A,P2,1,4,55,17,0
A01430,OPS_IT_A,P2,1,4,61,267,0
A01431,OPS_IT_A,P2,1,4,69,3,0
A01432,OPS_IT_A,P2,1,3,67,219,0
A01433,OPS_IT_A,P2,1,5,80,49,0
A01434,OPS_IT_A,P2,1,5,88,23,0
A01435,OPS_IT_A,P2,1,3,74,160,0
A01436,OPS_IT_A,P2,0,0,0,0,0
A01437,OPS_IT_A,P2,1,4,62,182,0
A01438,OPS_IT_A,P2,1,4,61,46,0
A01439,OPS_IT_A,P2,1,4,86,43,0
A01440,OPS_IT_A,P2,1,3,68,21,0
A01441,OPS_IT_A,P2,1,5,80,16,0
A01442,OPS_IT_A,P2,0,0,0,0,0
A01443,OPS_IT_A,P2,1,5,56,298,0
A01444,OPS_IT_A,P2,1,3,78,77,0
A01445,OPS_IT_A,P2,1,4,65,96,0
A01446,OPS_IT_A,P2,1,4,68,79,0
A01447,OPS_IT_A,P2,1,5,88,188,0
A01448,OPS_IT_A,P2,1,4,73,39,0
A01449,OPS_IT_A,P2,0,0,0,0,0
A01450,OPS_IT_A,P2,1,3,94,68,0
A01451,OPS_IT_A,P2,1,4,76,334,0
A01452,OPS_IT_A,P2,1,4,77,65,0
A01453,OPS_IT_A,P2,1,4,54,17,0
A01454,OPS_IT_A,P2,1,3,81,36,2
A01455,OPS_IT_A,P2,1,5,64,61,0
A01456,OPS_IT_A,P2,0,0,0,0,0
A01457,OPS_IT_A,P2,1,5,61,95,0
A01458,OPS_IT_A,P2,1,4,74,23,0
A01459,OPS_IT_A,P2,1,3,82,43,0
A01460,OPS_IT_A,P2,1,5,71,111,0
A01461,OPS_IT_A,P2,1,4,72,44,0
A01462,OPS_IT_A,P2,1,5,68,104,0
A01463,OPS_IT_A,P2,1,3,100,79,0
A01464,OPS_IT_A,P2,1,5,69,86,0
A01465,OPS_IT_A,P2,1,5,62,16,0
A01466,OPS_IT_A,P2,1,4,49,9,0
A01467,OPS_IT_A,P2,1,4,48,7,0
A01468,OPS_IT_A,P2,1,3,89,141,0
A01469,OPS_IT_A,P2,1,3,78,149,0
A01470,OPS_IT_A,P2,1,4,44,156,0
A01471,OPS_IT_A,P2,1,4,61,43,0
A01472,OPS_IT_A,P2,1,4,65,130,0
A01473,OPS_IT_A,P2,1,4,73,52,0
A01474,OPS_IT_A,P2,0,0,0,0,0
A01475,OPS_IT_A,P2,0,0,0,0,0
A01476,OPS_IT_A,P2,0,0,0,0,0
A01477,OPS_IT_A,P2,1,3,49,40,0
A01478,OPS_IT_A,P2,1,5,81,133,0
A01479,OPS_IT_A,P2,1,4,48,27,0
A01480,OPS_IT_A,P2,0,0,0,0,0
A01481,OPS_IT_A,P2,1,1,82,156,0
A01482,OPS_IT_A,P2,1,5,67,36,0
A01483,OPS_IT_A,P2,1,3,67,3,0
A01484,OPS_IT_A,P2,0,0,0,0,0
A01485,OPS_IT_A,P2,0,0,0,0,0
A01486,OPS_IT_A,P2,1,4,74,22,0
A01487,OPS_IT_A,P2,1,3,61,191,0
A01488,OPS_IT_A,P2,0,0,0,0,0
A01489,OPS_IT_A,P2,1,5,81,88,1
A01490,OPS_IT_A,P2,1,4,71,66,0
A01491,OPS_IT_A,P2,1,4,42,139,0
A01492,OPS_IT_A,P2,1,4,59,221,0
A01493,OPS_IT_A,P2,1,4,76,2,0
A01494,OPS_IT_A,P2,0,0,0,0,0
A01495,OPS_IT_A,P2,0,0,0,0,0
A01496,OPS_IT_A,P2,1,4,88,62,1
A01497,OPS_IT_A,P2,1,5,79,340,0
A01498,OPS_IT_A,P2,0,0,0,0,0
A01499,OPS_IT_A,P2,1,5,39,11,0
A01500,OPS_IT_A,P2,1,4,60,125,0
A01501,OPS_IT_A,P2,1,5,40,65,0
A01502,OPS_IT_A,P2,1,4,68,108,0
A01503,OPS_IT_A,P2,0,0,0,0,0
A01504,OPS_IT_A,P2,0,0,0,0,0
A01505,OPS_IT_A,P2,0,0,0,0,0
A01506,OPS_IT_A,P2,1,2,50,38,0
A01507,OPS_IT_A,P2,1,3,71,32,0
A01508,OPS_IT_A,P2,0,0,0,0,0
A01509,OPS_IT_A,P2,1,4,48,87,0
A01510,OPS_IT_A,P2,0,0,0,0,0
A01511,OPS_IT_A,P2,1,4,82,706,0
A01512,OPS_IT_A,P2,0,0,0,0,0
A01513,OPS_IT_A,P2,1,5,85,92,0
A01514,OPS_IT_A,P2,1,4,70,17,0
A01515,OPS_IT_A,P2,1,5,74,96,0
A01516,OPS_IT_A,P2,1,3,68,59,0
A01517,OPS_IT_A,P2,0,0,0,0,0
A01518,OPS_IT_A,P2,1,5,53,47,0
A01519,OPS_IT_A,P2,0,0,0,0,0
A01520,OPS_IT_A,P2,1,4,88,213,0
A01521,OPS_IT_A,P2,1,5,74,160,0
A01522,OPS_IT_A,P2,1,5,53,21,0
A01523,OPS_IT_A,P2,1,5,88,71,0
A01524,OPS_IT_A,P2,1,4,69,67,0
A01525,OPS_IT_A,P2,1,3,98,34,0
A01526,OPS_IT_A,P2,0,0,0,0,0
A01527,OPS_IT_A,P2,1,4,56,89,0
A01528,OPS_IT_A,P2,1,4,53,2,0
A01529,OPS_IT_A,P2,1,3,58,19,0
A01530,OPS_IT_A,P2,1,5,75,64,0
A01531,OPS_IT_A,P2,1,5,66,16,0
A01532,OPS_IT_A,P2,1,5,66,126,0
A01533,OPS_IT_A,P2,0,0,0,0,0
A01534,OPS_IT_A,P2,1,4,62,20,0
A01535,OPS_IT_A,P2,1,3,57,289,0
A01536,OPS_IT_A,P2,0,0,0,0,0
A01537,OPS_IT_A,P2,1,5,63,26,0
A01538,OPS_IT_A,P2,1,3,76,14,0
A01539,OPS_IT_A,P2,0,0,0,0,0
A01540,OPS_IT_A,P2,1,3,83,29,0
A01541,OPS_IT_A,P2,1,5,82,15,0
A01542,OPS_IT_A,P2,1,4,67,121,0
A01543,OPS_IT_A,P2,1,4,71,39,0
A01544,OPS_IT_A,P2,1,4,77,34,0
A01545,OPS_IT_A,P2,1,4,92,165,0
A01546,OPS_IT_A,P2,1,5,46,97,0
A01547,OPS_IT_A,P2,1,4,51,238,0
A01548,OPS_IT_A,P2,1,3,41,43,0
A01549,OPS_IT_A,P2,1,5,79,38,0
A01550,OPS_IT_A,P2,1,4,66,22,0
A01551,OPS_IT_A,P2,1,4,100,379,0
A01552,OPS_IT_A,P2,1,5,59,28,0
A01553,OPS_IT_A,P2,1,4,53,1,0
A01554,OPS_IT_A,P2,1,3,53,23,0
A01555,OPS_IT_A,P2,0,0,0,0,0
A01556,OPS_IT_A,P2,0,0,0,0,0
A01557,OPS_IT_A,P2,1,5,87,49,0
A01558,OPS_IT_A,P2,0,0,0,0,0
A01559,OPS_IT_A,P2,0,0,0,0,0
A01560,OPS_IT_A,P2,0,0,0,0,0
A01561,OPS_IT_A,P2,1,3,61,50,0
A01562,OPS_IT_A,P2,1,2,75,34,0
A01563,OPS_IT_A,P2,1,4,50,37,0
A01564,OPS_IT_A,P2,0,0,0,0,0
A01565,OPS_IT_A,P2,1,4,23,17,0
A01566,OPS_IT_A,P2,1,4,99,14,0
A01567,OPS_IT_A,P2,1,3,42,56,0
A01568,OPS_IT_A,P2,0,0,0,0,0
A01569,OPS_IT_A,P2,1,3,82,191,0
A01570,OPS_IT_A,P2,0,0,0,0,0
A01571,OPS_IT_A,P2,1,3,68,3,0
A01572,OPS_IT_A,P2,1,4,74,40,0
A01573,OPS_IT_A,P2,1,3,58,208,0
A01574,OPS_IT_A,P2,1,4,61,273,0
A01575,OPS_IT_A,P2,1,4,41,79,0
A01576,OPS_IT_A,P2,0,0,0,0,0
A01577,OPS_IT_A,P2,1,4,91,198,1
A01578,OPS_IT_A,P2,1,4,60,28,0
A01579,OPS_IT_A,P2,1,3,64,7,0
A01580,OPS_IT_A,P2,1,4,76,21,0
A01581,OPS_IT_A,P2,0,0,0,0,0
A01582,OPS_IT_A,P2,0,0,0,0,0
A01583,OPS_IT_A,P2,1,4,82,226,0
A01584,OPS_IT_A,P2,0,0,0,0,0
A01585,OPS_IT_A,P2,1,4,45,78,0
A01586,OPS_IT_A,P2,0,0,0,0,0
A01587,OPS_IT_A,P2,1,3,51,227,0
A01588,OPS_IT_A,P2,0,0,0,0,0
A01589,OPS_IT_A,P2,1,4,88,14,0
A01590,OPS_IT_A,P2,1,3,68,105,0
A01591,OPS_IT_A,P2,1,4,79,147,0
A01592,OPS_IT_A,P2,0,0,0,0,0
A01593,OPS_IT_A,P2,1,5,63,19,0
A01594,OPS_IT_A,P2,0,0,0,0,0
A01595,OPS_IT_A,P2,0,0,0,0,0
A01596,OPS_IT_A,P2,0,0,0,0,0
A01597,OPS_IT_A,P2,1,3,73,58,0
A01598,OPS_IT_A,P2,1,5,100,47,0
A01599,OPS_IT_A,P2,1,4,49,71,0
A01600,OPS_IT_A,P2,0,0,0,0,0
A01601,OPS_IT_A,P2,1,3,78,76,0
A01602,OPS_IT_A,P2,1,3,88,35,0
A01603,OPS_IT_A,P2,1,3,61,209,0
A01604,OPS_IT_A,P2,0,0,0,0,0
A01605,OPS_IT_A,P2,1,4,90,36,0
A01606,OPS_IT_A,P2,1,4,33,91,0
A01607,OPS_IT_A,P2,0,0,0,0,0
A01608,OPS_IT_A,P2,1,5,61,459,0
A01609,OPS_IT_A,P2,0,0,0,0,0
A01610,OPS_IT_A,P2,0,0,0,0,0
A01611,OPS_IT_A,P2,0,0,0,0,0
A01612,OPS_IT_A,P2,0,0,0,0,0
A01613,OPS_IT_A,P2,1,4,70,74,0
A01614,OPS_IT_A,P2,1,4,92,160,2
A01615,OPS_IT_A,P2,1,4,75,45,0
A01616,OPS_IT_A,P2,1,4,81,115,0
A01617,OPS_IT_A,P2,0,0,0,0,0
A01618,OPS_IT_A,P2,1,4,64,130,0
A01619,OPS_IT_A,P2,0,0,0,0,0
A01620,OPS_IT_A,P2,1,5,96,134,0
A01621,OPS_IT_A,P2,1,4,85,250,0
A01622,OPS_IT_A,P2,1,5,50,4,0
A01623,OPS_IT_A,P2,1,4,63,101,0
A01624,OPS_IT_A,P2,1,4,69,31,0
A01625,OPS_IT_A,P2,1,3,46,86,0
A01626,OPS_IT_A,P2,1,4,52,45,0
A01627,OPS_IT_A,P2,1,4,100,130,0
A01628,OPS_IT_A,P2,1,4,83,153,0
A01629,OPS_IT_A,P2,1,3,46,14,0
A01630,OPS_IT_A,P2,1,5,82,19,1
A01631,OPS_IT_A,P2,1,3,60,92,0
A01632,OPS_IT_A,P2,0,0,0,0,0
A01633,OPS_IT_A,P2,1,4,90,51,1
A01634,OPS_IT_A,P2,1,5,88,5,0
A01635,OPS_IT_A,P2,1,3,86,3,0
A01636,OPS_IT_A,P2,1,5,80,64,0
A01637,OPS_IT_A,P2,1,4,67,3,0
A01638,OPS_IT_A,P2,0,0,0,0,0
A01639,OPS_IT_A,P2,1,4,82,163,0
A01640,OPS_IT_A,P2,0,0,0,0,0
A01641,OPS_IT_A,P2,1,4,60,31,0
A01642,OPS_IT_A,P2,1,5,46,183,0
A01643,OPS_IT_A,P2,1,3,56,247,0
A01644,OPS_IT_A,P2,1,5,72,58,0
A01645,OPS_IT_A,P2,1,5,65,3,0
A01646,OPS_IT_A,P2,0,0,0,0,0
A01647,OPS_IT_A,P2,1,5,81,260,0
A01648,OPS_IT_A,P2,1,3,87,51,2
A01649,OPS_IT_A,P2,1,3,53,3,0
A01650,OPS_IT_A,P2,0,0,0,0,0
A01651,OPS_IT_A,P2,0,0,0,0,0
A01652,OPS_IT_A,P2,1,3,64,66,0
A01653,OPS_IT_A,P2,1,3,70,48,0
A01654,OPS_IT_A,P2,1,5,68,72,0
A01655,OPS_IT_A,P2,0,0,0,0,0
A01656,OPS_IT_A,P2,1,4,67,1,0
A01657,OPS_IT_A,P2,0,0,0,0,0
A01658,OPS_IT_A,P2,1,4,41,52,0
A01659,OPS_IT_A,P2,1,4,56,126,0
A01660,OPS_IT_A,P2,1,3,72,57,0
A01661,OPS_IT_A,P2,1,4,64,41,0
A01662,OPS_IT_A,P2,1,5,64,155,0
A01663,OPS_IT_A,P2,1,5,69,11,0
A01664,OPS_IT_A,P2,1,4,81,10,0
A01665,OPS_IT_A,P2,1,4,52,248,0
A01666,OPS_IT_A,P2,1,3,65,95,0
A01667,OPS_IT_A,P2,1,4,62,165,0
A01668,OPS_IT_A,P2,1,2,39,79,0
A01669,OPS_IT_A,P2,1,3,49,28,0
A01670,OPS_IT_A,P2,1,4,47,63,0
A01671,OPS_IT_A,P2,1,5,67,44,0
A01672,OPS_IT_A,P2,1,5,46,68,0
A01673,OPS_IT_A,P2,1,4,74,8,0
A01674,OPS_IT_A,P2,1,4,63,105,0
A01675,OPS_IT_A,P2,1,4,56,79,0
A01676,OPS_IT_A,P2,1,4,60,186,0
A01677,OPS_IT_A,P2,1,4,64,404,0
A01678,OPS_IT_A,P2,1,2,85,20,1
A01679,OPS_IT_A,P2,1,4,71,10,0
A01680,OPS_IT_A,P2,1,5,63,389,0
A01681,OPS_IT_A,P2,1,3,100,108,0
A01682,OPS_IT_A,P2,1,5,77,23,0
A01683,OPS_IT_A,P2,1,4,77,43,0
A01684,OPS_IT_A,P2,1,4,78,58,0
A01685,OPS_IT_A,P2,1,4,73,114,0
A01686,OPS_IT_A,P2,1,5,74,121,0
A01687,OPS_IT_A,P2,1,4,55,187,0
A01688,OPS_IT_A,P2,1,3,68,37,0
A01689,OPS_IT_A,P2,1,3,77,42,0
A01690,OPS_IT_A,P2,1,5,75,161,0
A01691,OPS_IT_A,P2,1,4,35,198,0
A01692,OPS_IT_A,P2,1,4,100,94,0
A01693,OPS_IT_A,P2,1,5,49,45,0
A01694,OPS_IT_A,P2,1,4,58,45,0
A01695,OPS_IT_A,P2,1,4,96,111,2
A01696,OPS_IT_A,P2,1,3,50,51,0
A01697,OPS_IT_A,P2,1,4,64,105,0
A01698,OPS_IT_A,P2,1,3,70,85,0
A01699,OPS_IT_A,P2,1,3,56,498,0
A01700,OPS_IT_A,P2,1,5,59,39,0
A01701,OPS_IT_A,P2,1,4,59,41,0
A01702,OPS_IT_A,P2,1,4,40,22,0
A01703,OPS_IT_A,P2,1,3,62,86,0
A01704,OPS_IT_A,P2,1,4,38,20,0
A01705,OPS_IT_A,P2,1,4,57,119,0
A01706,OPS_IT_A,P2,0,0,0,0,0
A01707,OPS_IT_A,P2,0,0,0,0,0
A01708,OPS_IT_A,P2,0,0,0,0,0
A01709,OPS_IT_A,P2,1,3,52,157,0
A01710,OPS_IT_A,P2,0,0,0,0,0
A01711,OPS_IT_A,P2,1,4,69,4,0
A01712,OPS_IT_A,P2,0,0,0,0,0
A01713,OPS_IT_A,P2,1,4,58,6,0
A01714,OPS_IT_A,P2,1,5,70,282,0
A01715,OPS_IT_A,P2,1,4,58,401,0
A01716,OPS_IT_A,P2,1,3,60,61,0
A01717,OPS_IT_A,P2,1,5,67,84,0
A01718,OPS_IT_A,P2,1,3,75,31,0
A01719,OPS_IT_A,P2,1,3,100,70,0
A01720,OPS_IT_A,P2,1,3,84,65,0
A01721,OPS_IT_A,P2,1,3,56,41,0
A01722,OPS_IT_A,P2,1,5,57,114,0
A01723,OPS_IT_A,P2,1,2,55,4,0
A01724,OPS_IT_A,P2,1,4,81,12,0
A01725,OPS_IT_A,P2,0,0,0,0,0
A01726,OPS_IT_A,P2,0,0,0,0,0
A01727,OPS_IT_A,P2,1,5,56,138,0
A01728,OPS_IT_A,P2,1,4,39,170,0
A01729,OPS_IT_A,P2,1,4,74,2,0
A01730,OPS_IT_A,P2,0,0,0,0,0
A01731,OPS_IT_A,P2,1,3,97,309,0
A01732,OPS_IT_A,P2,1,3,61,25,0
A01733,OPS_IT_A,P2,1,2,60,135,0
A01734,OPS_IT_A,P2,1,4,100,38,0
A01735,OPS_IT_A,P2,1,5,75,108,0
A01736,OPS_IT_A,P2,1,4,85,82,1
A01737,OPS_IT_A,P2,1,4,43,184,0
A01738,OPS_IT_A,P2,1,5,60,18,0
A01739,OPS_IT_A,P2,0,0,0,0,0
A01740,OPS_IT_A,P2,1,4,35,6,0
A01741,OPS_IT_A,P2,1,4,75,32,0
A01742,OPS_IT_A,P2,0,0,0,0,0
A01743,OPS_IT_A,P2,0,0,0,0,0
A01744,OPS_IT_A,P2,1,3,59,84,0
A01745,OPS_IT_A,P2,1,4,62,115,0
A01746,OPS_IT_A,P2,1,4,61,57,0
A01747,OPS_IT_A,P2,1,5,65,284,0
A01748,OPS_IT_A,P2,1,4,69,118,0
A01749,OPS_IT_A,P2,0,0,0,0,0
A01750,OPS_IT_A,P2,1,5,70,119,0
A01751,OPS_IT_A,P2,1,3,100,281,0
A01752,OPS_IT_A,P2,1,3,13,58,0
A01753,OPS_IT_A,P2,1,3,50,54,0
A01754,OPS_IT_A,P2,1,3,76,139,0
A01755,OPS_IT_A,P2,1,3,70,135,0
A01756,OPS_IT_A,P2,0,0,0,0,0
A01757,OPS_IT_A,P2,1,4,77,45,0
A01758,OPS_IT_A,P2,0,0,0,0,0
A01759,OPS_IT_A,P2,1,3,69,28,0
A01760,OPS_IT_A,P2,1,4,64,21,0
A01761,OPS_IT_A,P2,1,3,50,5,0
A01762,OPS_IT_A,P2,1,3,70,66,0
A01763,OPS_IT_A,P2,0,0,0,0,0
A01764,OPS_IT_A,P2,0,0,0,0,0
A01765,OPS_IT_A,P2,1,4,44,38,0
A01766,OPS_IT_A,P2,0,0,0,0,0
A01767,OPS_IT_A,P2,0,0,0,0,0
A01768,OPS_IT_A,P2,1,3,72,246,0
A01769,OPS_IT_A,P2,1,5,71,35,0
A01770,OPS_IT_A,P2,1,5,100,221,1
A01771,OPS_IT_A,P2,0,0,0,0,0
A01772,OPS_IT_A,P2,1,3,47,201,0
A01773,OPS_IT_A,P2,1,4,100,32,0
A01774,OPS_IT_A,P2,1,3,63,73,0
A01775,OPS_IT_A,P2,1,2,57,9,0
A01776,OPS_IT_A,P2,1,4,55,39,0
A01777,OPS_IT_A,P2,1,4,38,28,0
A01778,OPS_IT_A,P2,1,5,75,204,0
A01779,OPS_IT_A,P2,0,0,0,0,0
A01780,OPS_IT_A,P2,1,4,64,134,0
A01781,OPS_IT_A,P2,1,4,60,144,0
A01782,OPS_IT_A,P2,1,4,84,48,0
A01783,OPS_IT_A,P2,1,5,80,121,0
A01784,OPS_IT_A,P2,1,5,74,81,0
A01785,OPS_IT_A,P2,1,5,62,20,0
A01786,OPS_IT_A,P2,1,5,52,23,0
A01787,OPS_IT_A,P2,0,0,0,0,0
A01788,OPS_IT_A,P2,1,4,62,13,0
A01789,OPS_IT_A,P2,1,4,77,180,0
A01790,OPS_IT_A,P2,1,5,88,57,1
A01791,OPS_IT_A,P2,1,3,54,255,0
A01792,OPS_IT_A,P2,0,0,0,0,0
A01793,OPS_IT_A,P2,1,5,48,68,0
A01794,OPS_IT_A,P2,1,3,80,173,0
A01795,OPS_IT_A,P2,0,0,0,0,0
A01796,OPS_IT_A,P2,1,4,38,57,0
A01797,OPS_IT_A,P2,1,4,41,63,0
A01798,OPS_IT_A,P2,1,3,67,89,0
A01799,OPS_IT_A,P2,1,3,62,6,0
A01800,OPS_IT_A,P2,1,5,75,0,0
A01801,OPS_IT_A,P2,1,5,49,42,0
A01802,OPS_IT_A,P2,1,3,76,138,0
A01803,OPS_IT_A,P2,0,0,0,0,0
A01804,OPS_IT_A,P2,1,4,70,24,0
A01805,OPS_IT_A,P2,1,5,89,190,0
A01806,OPS_IT_A,P2,1,3,74,112,0
A01807,OPS_IT_A,P2,0,0,0,0,0
A01808,OPS_IT_A,P2,1,4,70,22,0
A01809,OPS_IT_A,P2,0,0,0,0,0
A01810,OPS_IT_A,P2,1,4,84,11,0
A01811,OPS_IT_A,P2,1,4,82,202,0
A01812,OPS_IT_A,P2,0,0,0,0,0
A01813,OPS_IT_A,P2,1,5,50,105,0
A01814,OPS_IT_A,P2,1,4,41,2,0
A01815,OPS_IT_A,P2,1,3,59,91,0
A01816,OPS_IT_A,P2,0,0,0,0,0
A01817,OPS_IT_A,P2,1,4,74,14,0
A01818,OPS_IT_A,P2,1,5,100,39,1
A01819,OPS_IT_A,P2,0,0,0,0,0
A01820,OPS_IT_A,P2,1,4,82,39,0
A01821,OPS_IT_A,P2,0,0,0,0,0
A01822,OPS_IT_A,P2,0,0,0,0,0
A01823,OPS_IT_A,P2,1,5,90,4,0
A01824,OPS_IT_A,P2,1,5,26,175,0
A01825,OPS_IT_A,P2,1,5,78,106,0
A01826,OPS_IT_A,P2,1,4,80,36,0
A01827,OPS_IT_A,P2,0,0,0,0,0
A01828,OPS_IT_A,P2,1,3,51,60,0
A01829,OPS_IT_A,P2,1,5,64,28,0
A01830,OPS_IT_A,P2,1,5,62,150,0
A01831,OPS_IT_A,P2,1,4,34,46,0
A01832,OPS_IT_A,P2,1,5,26,16,0
A01833,OPS_IT_A,P2,1,3,55,97,0
A01834,OPS_IT_A,P2,1,2,59,51,0
A01835,OPS_IT_A,P2,0,0,0,0,0
A01836,OPS_IT_A,P2,1,3,71,13,0
A01837,OPS_IT_A,P2,1,5,40,273,0
A01838,OPS_IT_A,P2,1,4,67,40,0
A01839,OPS_IT_A,P2,0,0,0,0,0
A01840,OPS_IT_A,P2,0,0,0,0,0
A01841,OPS_IT_A,P2,1,5,43,71,0
A01842,OPS_IT_A,P2,1,3,67,226,0
A01843,OPS_IT_A,P2,1,5,75,13,0
A01844,OPS_IT_A,P2,1,3,58,22,0
A01845,OPS_IT_A,P2,1,4,10,102,0
A01846,OPS_IT_A,P2,1,5,75,124,0
A01847,OPS_IT_A,P2,0,0,0,0,0
A01848,OPS_IT_A,P2,1,3,61,112,0
A01849,OPS_IT_A,P2,1,4,81,4,0
A01850,OPS_IT_A,P2,0,0,0,0,0
A01851,OPS_IT_A,P2,1,5,76,92,0
A01852,OPS_IT_A,P2,0,0,0,0,0
A01853,OPS_IT_A,P2,1,4,72,49,0
A01854,OPS_IT_A,P2,1,4,64,115,0
A01855,OPS_IT_A,P2,0,0,0,0,0
A01856,OPS_IT_A,P2,1,4,49,0,0
A01857,OPS_IT_A,P2,1,3,92,36,1
A01858,OPS_IT_A,P2,0,0,0,0,0
A01859,OPS_IT_A,P2,1,3,55,57,0
A01860,OPS_IT_A,P2,0,0,0,0,0
A01861,OPS_IT_A,P2,0,0,0,0,0
A01862,OPS_IT_A,P2,1,5,52,151,0
A01863,OPS_IT_A,P2,0,0,0,0,0
A01864,OPS_IT_A,P2,1,3,76,28,0
A01865,OPS_IT_A,P2,1,3,76,107,0
A01866,OPS_IT_A,P2,1,5,71,13,0
A01867,OPS_IT_A,P2,1,5,49,270,0
A01868,OPS_IT_A,P2,1,5,66,95,0
A01869,OPS_IT_A,P2,1,5,67,207,0
A01870,OPS_IT_A,P2,1,5,64,8,0
A01871,OPS_IT_A,P2,1,4,63,78,0
A01872,OPS_IT_A,P2,1,5,57,149,0
A01873,OPS_IT_A,P2,1,3,57,125,0
A01874,OPS_IT_A,P2,1,4,74,5,0
A01875,OPS_IT_A,P2,0,0,0,0,0
A01876,OPS_IT_A,P2,0,0,0,0,0
A01877,OPS_IT_A,P2,1,4,100,293,0
A01878,OPS_IT_A,P2,0,0,0,0,0
A01879,OPS_IT_A,P2,1,1,63,63,0
A01880,OPS_IT_A,P2,1,3,67,122,0
A01881,OPS_IT_A,P2,0,0,0,0,0
A01882,OPS_IT_A,P2,1,4,48,112,0
A01883,OPS_IT_A,P2,1,5,100,188,1
A01884,OPS_IT_A,P2,0,0,0,0,0
A01885,OPS_IT_A,P2,1,4,89,31,0
A01886,OPS_IT_A,P2,1,4,90,31,0
A01887,OPS_IT_A,P2,1,4,53,43,0
A01888,OPS_IT_A,P2,1,3,69,187,0
A01889,OPS_IT_B,P2,1,2,62,14,0
A01890,OPS_IT_B,P2,1,2,99,203,0
A01891,OPS_IT_B,P2,1,3,68,335,0
A01892,OPS_IT_B,P2,0,0,0,0,0
A01893,OPS_IT_B,P2,1,4,29,33,0
A01894,OPS_IT_B,P2,1,5,76,121,0
A01895,OPS_IT_B,P2,1,2,55,11,0
A01896,OPS_IT_B,P2,1,2,35,148,0
A01897,OPS_IT_B,P2,1,3,62,366,0
A01898,OPS_IT_B,P2,1,3,80,95,0
A01899,OPS_IT_B,P2,0,0,0,0,0
A01900,OPS_IT_B,P2,1,2,70,28,0
A01901,OPS_IT_B,P2,1,2,48,15,0
A01902,OPS_IT_B,P2,1,3,49,274,0
A01903,OPS_IT_B,P2,1,4,86,35,2
A01904,OPS_IT_B,P2,1,2,43,23,0
A01905,OPS_IT_B,P2,1,4,37,17,0
A01906,OPS_IT_B,P2,1,3,47,114,0
A01907,OPS_IT_B,P2,1,2,61,11,0
A01908,OPS_IT_B,P2,1,3,68,16,0
A01909,OPS_IT_B,P2,1,3,24,70,0
A01910,OPS_IT_B,P2,1,3,92,370,0
A01911,OPS_IT_B,P2,1,2,64,189,0
A01912,OPS_IT_B,P2,1,4,100,57,0
A01913,OPS_IT_B,P2,1,2,59,189,0
A01914,OPS_IT_B,P2,0,0,0,0,0
A01915,OPS_IT_B,P2,1,4,57,145,0
A01916,OPS_IT_B,P2,1,3,52,16,0
A01917,OPS_IT_B,P2,1,3,70,663,0
A01918,OPS_IT_B,P2,1,2,53,28,0
A01919,OPS_IT_B,P2,0,0,0,0,0
A01920,OPS_IT_B,P2,1,4,61,155,0
A01921,OPS_IT_B,P2,1,5,82,68,1
A01922,OPS_IT_B,P2,1,2,30,45,0
A01923,OPS_IT_B,P2,1,3,44,16,0
A01924,OPS_IT_B,P2,1,3,97,230,0
A01925,OPS_IT_B,P2,1,3,52,24,0
A01926,OPS_IT_B,P2,1,3,70,71,0
A01927,OPS_IT_B,P2,0,0,0,0,0
A01928,OPS_IT_B,P2,1,3,60,4,0
A01929,OPS_IT_B,P2,1,2,68,51,0
A01930,OPS_IT_B,P2,1,3,53,11,0
A01931,OPS_IT_B,P2,1,3,59,378,0
A01932,OPS_IT_B,P2,1,3,73,33,0
A01933,OPS_IT_B,P2,1,3,59,68,0
A01934,OPS_IT_B,P2,1,2,33,84,0
A01935,OPS_IT_B,P2,1,3,92,416,0
A01936,OPS_IT_B,P2,1,5,35,79,0
A01937,OPS_IT_B,P2,1,3,59,35,0
A01938,OPS_IT_B,P2,1,4,79,45,0
A01939,OPS_IT_B,P2,1,2,59,89,0
A01940,OPS_IT_B,P2,0,0,0,0,0
A01941,OPS_IT_B,P2,1,2,51,61,0
A01942,OPS_IT_B,P2,1,2,57,30,0
A01943,OPS_IT_B,P2,1,4,86,38,2
A01944,OPS_IT_B,P2,1,2,74,83,0
A01945,OPS_IT_B,P2,1,4,67,21,0
A01946,OPS_IT_B,P2,1,2,52,368,0
A01947,OPS_IT_B,P2,1,3,66,241,0
A01948,OPS_IT_B,P2,1,2,51,32,0
A01949,OPS_IT_B,P2,1,5,49,69,0
A01950,OPS_IT_B,P2,0,0,0,0,0
A01951,OPS_IT_B,P2,1,3,51,1,0
A01952,OPS_IT_B,P2,0,0,0,0,0
A01953,OPS_IT_B,P2,0,0,0,0,0
A01954,OPS_IT_B,P2,1,2,58,96,0
A01955,OPS_IT_B,P2,1,3,62,39,0
A01956,OPS_IT_B,P2,1,3,63,102,0
A01957,OPS_IT_B,P2,1,2,87,9,0
A01958,OPS_IT_B,P2,0,0,0,0,0
A01959,OPS_IT_B,P2,1,3,93,24,0
A01960,OPS_IT_B,P2,0,0,0,0,0
A01961,OPS_IT_B,P2,1,3,50,53,0
A01962,OPS_IT_B,P2,1,3,58,95,0
A01963,OPS_IT_B,P2,0,0,0,0,0
A01964,OPS_IT_B,P2,1,3,60,215,0
A01965,OPS_IT_B,P2,1,3,68,74,0
A01966,OPS_IT_B,P2,1,1,100,172,0
A01967,OPS_IT_B,P2,0,0,0,0,0
A01968,OPS_IT_B,P2,1,1,34,101,0
A01969,OPS_IT_B,P2,1,1,100,40,0
A01970,OPS_IT_B,P2,1,2,61,126,0
A01971,OPS_IT_B,P2,1,4,70,100,0
A01972,OPS_IT_B,P2,1,2,100,273,0
A01973,OPS_IT_B,P2,1,2,61,210,0
A01974,OPS_IT_B,P2,0,0,0,0,0
A01975,OPS_IT_B,P2,0,0,0,0,0
A01976,OPS_IT_B,P2,1,1,33,70,0
A01977,OPS_IT_B,P2,0,0,0,0,0
A01978,OPS_IT_B,P2,1,3,45,10,0
A01979,OPS_IT_B,P2,1,2,81,416,1
A01980,OPS_IT_B,P2,1,2,55,15,0
A01981,OPS_IT_B,P2,0,0,0,0,0
A01982,OPS_IT_B,P2,1,3,63,122,0
A01983,OPS_IT_B,P2,0,0,0,0,0
A01984,OPS_IT_B,P2,0,0,0,0,0
A01985,OPS_IT_B,P2,1,5,67,99,0
A01986,OPS_IT_B,P2,1,4,78,174,0
A01987,OPS_IT_B,P2,1,2,76,150,0
A01988,OPS_IT_B,P2,1,3,64,26,0
A01989,OPS_IT_B,P2,1,3,81,196,0
A01990,OPS_IT_B,P2,1,3,41,11,0
A01991,OPS_IT_B,P2,1,2,65,20,0
A01992,OPS_IT_B,P2,1,2,71,202,0
A01993,OPS_IT_B,P2,1,3,74,265,0
A01994,OPS_IT_B,P2,1,3,87,89,0
A01995,OPS_IT_B,P2,0,0,0,0,0
A01996,OPS_IT_B,P2,0,0,0,0,0
A01997,OPS_IT_B,P2,1,3,55,71,0
A01998,OPS_IT_B,P2,0,0,0,0,0
A01999,OPS_IT_B,P2,1,1,62,137,0
A02000,OPS_IT_B,P2,1,2,77,86,0
A02001,OPS_IT_B,P2,0,0,0,0,0
A02002,OPS_IT_B,P2,1,4,64,128,0
A02003,OPS_IT_B,P2,1,3,76,276,0
A02004,OPS_IT_B,P2,1,2,91,56,0
A02005,OPS_IT_B,P2,1,2,76,8,0
A02006,OPS_IT_B,P2,1,3,78,3,0
A02007,OPS_IT_B,P2,0,0,0,0,0
A02008,OPS_IT_B,P2,1,3,55,0,0
A02009,OPS_IT_B,P2,1,4,59,8,0
A02010,OPS_IT_B,P2,1,3,36,310,0
A02011,OPS_IT_B,P2,0,0,0,0,0
A02012,OPS_IT_B,P2,1,3,96,108,1
A02013,OPS_IT_B,P2,1,4,76,129,0
A02014,OPS_IT_B,P2,1,3,51,37,0
A02015,OPS_IT_B,P2,1,4,24,13,0
A02016,OPS_IT_B,P2,1,3,71,44,0
A02017,OPS_IT_B,P2,1,4,100,51,0
A02018,OPS_IT_B,P2,1,2,63,68,0
A02019,OPS_IT_B,P2,1,5,71,105,0
A02020,OPS_IT_B,P2,1,4,68,122,0
A02021,OPS_IT_B,P2,0,0,0,0,0
A02022,OPS_IT_B,P2,1,4,59,162,0
A02023,OPS_IT_B,P2,0,0,0,0,0
A02024,OPS_IT_B,P2,1,2,72,38,0
A02025,OPS_IT_B,P2,1,3,61,62,0
A02026,OPS_IT_B,P2,1,4,92,28,0
A02027,OPS_IT_B,P2,1,3,69,37,0
A02028,OPS_IT_B,P2,1,2,42,32,0
A02029,OPS_IT_B,P2,0,0,0,0,0
A02030,OPS_IT_B,P2,1,5,96,23,0
A02031,OPS_IT_B,P2,1,3,48,16,0
A02032,OPS_IT_B,P2,0,0,0,0,0
A02033,OPS_IT_B,P2,1,2,70,274,0
A02034,OPS_IT_B,P2,1,3,59,4,0
A02035,OPS_IT_B,P2,1,3,55,16,0
A02036,OPS_IT_B,P2,0,0,0,0,0
A02037,OPS_IT_B,P2,1,3,46,14,0
A02038,OPS_IT_B,P2,1,2,63,41,0
A02039,OPS_IT_B,P2,0,0,0,0,0
A02040,OPS_IT_B,P2,1,3,83,236,0
A02041,OPS_IT_B,P2,1,2,54,218,0
A02042,OPS_IT_B,P2,1,4,76,68,0
A02043,OPS_IT_B,P2,1,4,63,12,0
A02044,OPS_IT_B,P2,1,2,48,4,0
A02045,OPS_IT_B,P2,1,4,84,90,0
A02046,OPS_IT_B,P2,1,4,39,123,0
A02047,OPS_IT_B,P2,1,3,80,26,0
A02048,OPS_IT_B,P2,1,3,63,76,0
A02049,OPS_IT_B,P2,0,0,0,0,0
A02050,OPS_IT_B,P2,1,4,62,58,0
A02051,OPS_IT_B,P2,1,1,61,35,0
A02052,OPS_IT_B,P2,1,3,65,59,0
A02053,OPS_IT_B,P2,1,4,62,64,0
A02054,OPS_IT_B,P2,0,0,0,0,0
A02055,OPS_IT_B,P2,1,4,68,130,0
A02056,OPS_IT_B,P2,1,2,69,35,0
A02057,OPS_IT_B,P2,1,3,73,9,0
A02058,OPS_IT_B,P2,1,2,41,85,0
A02059,OPS_IT_B,P2,1,3,81,36,0
A02060,OPS_IT_B,P2,1,4,75,14,0
A02061,OPS_IT_B,P2,1,3,61,50,0
A02062,OPS_IT_B,P2,1,2,57,53,0
A02063,OPS_IT_B,P2,0,0,0,0,0
A02064,OPS_IT_B,P2,1,3,32,120,0
A02065,OPS_IT_B,P2,1,5,97,6,0
A02066,OPS_IT_B,P2,1,3,80,26,0
A02067,OPS_IT_B,P2,1,3,59,94,0
A02068,OPS_IT_B,P2,1,2,81,53,0
A02069,OPS_IT_B,P2,1,3,52,27,0
A02070,OPS_IT_B,P2,1,3,62,0,0
A02071,OPS_IT_B,P2,0,0,0,0,0
A02072,OPS_IT_B,P2,1,2,69,231,0
A02073,OPS_IT_B,P2,1,4,51,3,0
A02074,OPS_IT_B,P2,1,2,74,45,0
A02075,OPS_IT_B,P2,1,3,63,94,0
A02076,OPS_IT_B,P2,1,3,67,52,0
A02077,OPS_IT_B,P2,0,0,0,0,0
A02078,OPS_IT_B,P2,0,0,0,0,0
A02079,OPS_IT_B,P2,0,0,0,0,0
A02080,OPS_IT_B,P2,1,2,67,5,0
A02081,OPS_IT_B,P2,1,2,77,16,0
A02082,OPS_IT_B,P2,1,2,86,97,0
A02083,OPS_IT_B,P2,0,0,0,0,0
A02084,OPS_IT_B,P2,1,4,51,11,0
A02085,OPS_IT_B,P2,0,0,0,0,0
A02086,OPS_IT_B,P2,1,1,60,36,0
A02087,OPS_IT_B,P2,1,4,58,156,0
A02088,OPS_IT_B,P2,0,0,0,0,0
A02089,OPS_IT_B,P2,1,4,82,403,1
A02090,OPS_IT_B,P2,1,3,87,30,0
A02091,OPS_IT_B,P2,1,3,85,181,0
A02092,OPS_IT_B,P2,1,3,35,45,0
A02093,OPS_IT_B,P2,0,0,0,0,0
A02094,OPS_IT_B,P2,0,0,0,0,0
A02095,OPS_IT_B,P2,1,3,84,44,2
A02096,OPS_IT_B,P2,1,2,62,107,0
A02097,OPS_IT_B,P2,1,4,69,88,0
A02098,OPS_IT_B,P2,0,0,0,0,0
A02099,OPS_IT_B,P2,0,0,0,0,0
A02100,OPS_IT_B,P2,1,4,65,122,0
A02101,OPS_IT_B,P2,1,2,55,27,0
A02102,OPS_IT_B,P2,1,2,55,73,0
A02103,OPS_IT_B,P2,1,3,59,154,0
A02104,OPS_IT_B,P2,1,4,65,67,0
A02105,OPS_IT_B,P2,1,4,73,74,0
A02106,OPS_IT_B,P2,1,2,66,35,0
A02107,OPS_IT_B,P2,1,4,60,27,0
A02108,OPS_IT_B,P2,0,0,0,0,0
A02109,OPS_IT_B,P2,1,2,61,118,0
A02110,OPS_IT_B,P2,0,0,0,0,0
A02111,OPS_IT_B,P2,1,2,51,241,0
A02112,OPS_IT_B,P2,1,2,54,57,0
A02113,OPS_IT_B,P2,1,3,72,52,0
A02114,OPS_IT_B,P2,1,3,58,142,0
A02115,OPS_IT_B,P2,1,3,37,30,0
A02116,OPS_IT_B,P2,1,2,59,26,0
A02117,OPS_IT_B,P2,1,3,57,103,0
A02118,OPS_IT_B,P2,1,4,87,72,0
A02119,OPS_IT_B,P2,0,0,0,0,0
A02120,OPS_IT_B,P2,1,5,67,77,0
A02121,OPS_IT_B,P2,0,0,0,0,0
A02122,OPS_IT_B,P2,0,0,0,0,0
A02123,OPS_IT_B,P2,0,0,0,0,0
A02124,OPS_IT_B,P2,1,2,56,18,0
A02125,OPS_IT_B,P2,1,3,69,4,0
A02126,OPS_IT_B,P2,1,1,50,162,0
A02127,OPS_IT_B,P2,1,3,59,51,0
A02128,OPS_IT_B,P2,1,4,69,154,0
A02129,OPS_IT_B,P2,1,5,40,134,0
A02130,OPS_IT_B,P2,1,2,97,9,0
A02131,OPS_IT_B,P2,0,0,0,0,0
A02132,OPS_IT_B,P2,1,3,58,81,0
A02133,OPS_IT_B,P2,1,2,49,71,0
A02134,OPS_IT_B,P2,1,5,92,61,0
A02135,OPS_IT_B,P2,1,1,29,69,0
A02136,OPS_IT_B,P2,1,1,48,68,0
A02137,OPS_IT_B,P2,1,2,57,675,0
A02138,OPS_IT_B,P2,1,2,55,127,0
A02139,OPS_IT_B,P2,1,2,70,34,0
A02140,OPS_IT_B,P2,1,2,59,62,0
A02141,OPS_IT_B,P2,0,0,0,0,0
A02142,OPS_IT_B,P2,1,4,63,77,0
A02143,OPS_IT_B,P2,1,3,53,96,0
A02144,OPS_IT_B,P2,1,3,62,77,0
A02145,OPS_IT_B,P2,1,3,45,228,0
A02146,OPS_IT_B,P2,1,3,51,189,0
A02147,OPS_IT_B,P2,0,0,0,0,0
A02148,OPS_IT_B,P2,1,4,91,152,0
A02149,OPS_IT_B,P2,1,3,98,111,1
A02150,OPS_IT_B,P2,1,4,55,138,0
A02151,OPS_IT_B,P2,1,4,58,27,0
A02152,OPS_IT_B,P2,1,3,44,230,0
A02153,OPS_IT_B,P2,1,2,62,54,0
A02154,OPS_IT_B,P2,1,3,48,21,0
A02155,OPS_IT_B,P2,1,3,62,74,0
A02156,OPS_IT_B,P2,0,0,0,0,0
A02157,OPS_IT_B,P2,1,3,38,79,0
A02158,OPS_IT_B,P2,1,2,93,194,1
A02159,OPS_IT_B,P2,1,4,56,132,0
A02160,OPS_IT_B,P2,1,3,87,34,0
A02161,OPS_IT_B,P2,1,2,51,230,0
A02162,OPS_IT_B,P2,1,3,54,132,0
A02163,OPS_IT_B,P2,1,3,32,87,0
A02164,OPS_IT_B,P2,1,2,76,319,0
A02165,OPS_IT_B,P2,1,3,73,14,0
A02166,OPS_IT_B,P2,1,4,62,158,0
A02167,OPS_IT_B,P2,1,2,68,48,0
A02168,OPS_IT_B,P2,1,2,63,64,0
A02169,OPS_IT_B,P2,0,0,0,0,0
A02170,OPS_IT_B,P2,1,4,70,13,0
A02171,OPS_IT_B,P2,1,4,51,57,0
A02172,OPS_IT_B,P2,1,5,83,5,1
A02173,OPS_IT_B,P2,1,4,60,27,0
A02174,OPS_IT_B,P2,0,0,0,0,0
A02175,OPS_IT_B,P2,1,3,35,54,0
A02176,OPS_IT_B,P2,1,3,73,95,0
A02177,OPS_IT_B,P2,0,0,0,0,0
A02178,OPS_IT_B,P2,1,3,39,101,0
A02179,OPS_IT_B,P2,1,4,40,51,0
A02180,OPS_IT_B,P2,1,2,60,136,0
A02181,OPS_IT_B,P2,1,3,46,58,0
A02182,OPS_IT_B,P2,1,1,59,67,0
A02183,OPS_IT_B,P2,1,4,88,17,2
A02184,OPS_IT_B,P2,0,0,0,0,0
A02185,OPS_IT_B,P2,1,4,60,32,0
A02186,OPS_IT_B,P2,1,4,50,38,0
A02187,OPS_IT_B,P2,1,5,69,40,0
A02188,OPS_IT_B,P2,1,4,44,184,0
A02189,OPS_IT_B,P2,1,4,84,130,0
A02190,OPS_IT_B,P2,0,0,0,0,0
A02191,OPS_IT_B,P2,1,3,74,56,0
A02192,OPS_IT_B,P2,1,3,71,87,0
A02193,OPS_IT_B,P2,1,3,56,12,0
A02194,OPS_IT_B,P2,1,3,65,54,0
A02195,OPS_IT_B,P2,1,3,77,82,0
A02196,OPS_IT_B,P2,1,2,58,7,0
A02197,OPS_IT_B,P2,1,3,67,33,0
A02198,OPS_IT_B,P2,1,2,92,62,0
A02199,OPS_IT_B,P2,0,0,0,0,0
A02200,OPS_IT_B,P2,1,3,53,37,0
A02201,OPS_IT_B,P2,1,5,62,43,0
A02202,OPS_IT_B,P2,1,2,37,3,0
A02203,OPS_IT_B,P2,1,3,32,60,0
A02204,OPS_IT_B,P2,1,4,84,113,2
A02205,OPS_IT_B,P2,1,3,64,423,0
A02206,OPS_IT_B,P2,0,0,0,0,0
A02207,OPS_IT_B,P2,1,4,87,27,0
A02208,OPS_IT_B,P2,1,3,66,189,0
A02209,OPS_IT_B,P2,1,3,62,61,0
A02210,OPS_IT_B,P2,1,5,82,149,0
A02211,OPS_IT_B,P2,1,5,34,52,0
A02212,OPS_IT_B,P2,1,3,65,151,0
A02213,OPS_IT_B,P2,1,4,61,192,0
A02214,OPS_IT_B,P2,1,2,100,17,1
A02215,OPS_IT_B,P2,1,2,68,17,0
A02216,OPS_IT_B,P2,1,3,56,100,0
A02217,OPS_IT_B,P2,1,1,47,16,0
A02218,OPS_IT_B,P2,1,3,29,136,0
A02219,OPS_IT_B,P2,1,5,92,135,0
A02220,OPS_IT_B,P2,1,3,52,82,0
A02221,OPS_IT_B,P2,1,2,70,17,0
A02222,OPS_IT_B,P2,1,4,74,169,0
A02223,OPS_IT_B,P2,0,0,0,0,0
A02224,OPS_IT_B,P2,1,3,73,33,0
A02225,OPS_IT_B,P2,1,3,53,46,0
A02226,OPS_IT_B,P2,1,3,53,204,0
A02227,OPS_IT_B,P2,1,2,53,36,0
A02228,OPS_IT_B,P2,1,2,92,331,0
A02229,OPS_IT_B,P2,1,3,65,18,0
A02230,OPS_IT_B,P2,0,0,0,0,0
A02231,OPS_IT_B,P2,0,0,0,0,0
A02232,OPS_IT_B,P2,0,0,0,0,0
A02233,OPS_IT_B,P2,0,0,0,0,0
A02234,OPS_IT_B,P2,1,4,72,9,0
A02235,OPS_IT_B,P2,1,3,53,326,0
A02236,OPS_IT_B,P2,1,5,67,29,0
A02237,OPS_IT_B,P2,1,2,60,22,0
A02238,OPS_IT_B,P2,1,1,67,12,0
A02239,OPS_IT_B,P2,0,0,0,0,0
A02240,OPS_IT_B,P2,1,4,37,40,0
A02241,OPS_IT_B,P2,0,0,0,0,0
A02242,OPS_IT_B,P2,1,3,59,19,0
A02243,OPS_IT_B,P2,1,2,60,8,0
A02244,OPS_IT_B,P2,1,2,68,375,0
A02245,OPS_IT_B,P2,1,3,67,37,0
A02246,OPS_IT_B,P2,1,3,49,194,0
A02247,OPS_IT_B,P2,1,3,80,176,0
A02248,OPS_IT_B,P2,1,3,35,163,0
A02249,OPS_IT_B,P2,1,3,75,50,0
A02250,OPS_IT_B,P2,1,4,53,130,0
A02251,OPS_IT_B,P2,1,5,55,143,0
A02252,OPS_IT_B,P2,1,3,80,96,0
A02253,OPS_IT_B,P2,0,0,0,0,0
A02254,OPS_IT_B,P2,0,0,0,0,0
A02255,OPS_IT_B,P2,1,1,54,58,0
A02256,OPS_IT_B,P2,1,4,50,12,0
A02257,OPS_IT_B,P2,1,4,43,114,0
A02258,OPS_IT_B,P2,1,3,66,124,0
A02259,OPS_IT_B,P2,1,2,100,17,1
A02260,OPS_IT_B,P2,0,0,0,0,0
A02261,OPS_IT_B,P2,1,2,62,8,0
A02262,OPS_IT_B,P2,1,4,60,188,0
A02263,OPS_IT_B,P2,1,2,61,96,0
A02264,OPS_IT_B,P2,1,3,78,170,0
A02265,OPS_IT_B,P2,0,0,0,0,0
A02266,OPS_IT_B,P2,1,4,64,37,0
A02267,OPS_IT_B,P2,0,0,0,0,0
A02268,OPS_IT_B,P2,0,0,0,0,0
A02269,OPS_IT_B,P2,1,2,62,108,0
A02270,OPS_IT_B,P2,1,3,68,24,0
A02271,OPS_IT_B,P2,1,2,80,31,0
A02272,OPS_IT_B,P2,1,2,96,45,0
A02273,OPS_IT_B,P2,1,3,63,71,0
A02274,OPS_IT_B,P2,1,3,81,173,0
A02275,OPS_IT_B,P2,0,0,0,0,0
A02276,OPS_IT_B,P2,1,1,68,138,0
A02277,OPS_IT_B,P2,1,3,64,77,0
A02278,OPS_IT_B,P2,1,4,70,5,0
A02279,OPS_IT_B,P2,1,4,66,25,0
A02280,OPS_IT_B,P2,0,0,0,0,0
A02281,OPS_IT_B,P2,1,3,78,12,0
A02282,OPS_IT_B,P2,1,3,35,56,0
A02283,OPS_IT_B,P2,1,4,65,122,0
A02284,OPS_IT_B,P2,1,5,43,73,0
A02285,OPS_IT_B,P2,1,2,70,94,0
A02286,OPS_IT_B,P2,1,4,60,53,0
A02287,OPS_IT_B,P2,0,0,0,0,0
A02288,OPS_IT_B,P2,1,3,73,39,0
A02289,OPS_IT_B,P2,0,0,0,0,0
A02290,OPS_IT_B,P2,1,4,92,25,0
A02291,OPS_IT_B,P2,1,2,65,12,0
A02292,OPS_IT_B,P2,1,3,55,231,0
A02293,OPS_IT_B,P2,1,4,60,93,0
A02294,OPS_IT_B,P2,0,0,0,0,0
A02295,OPS_IT_B,P2,1,3,53,142,0
A02296,OPS_IT_B,P2,0,0,0,0,0
A02297,OPS_IT_B,P2,1,1,84,131,1
A02298,OPS_IT_B,P2,1,4,90,134,0
A02299,OPS_IT_B,P2,1,3,38,9,0
A02300,OPS_IT_B,P2,1,4,69,44,0
A02301,OPS_IT_B,P2,1,3,64,60,0
A02302,OPS_IT_B,P2,1,3,30,7,0
A02303,OPS_IT_B,P2,1,3,48,19,0
A02304,OPS_IT_B,P2,1,5,14,124,0
A02305,OPS_IT_B,P2,1,4,37,220,0
A02306,OPS_IT_B,P2,1,1,69,62,0
A02307,OPS_IT_B,P2,1,2,89,1,1
A02308,OPS_IT_B,P2,1,4,75,133,0
A02309,OPS_IT_B,P2,1,2,49,19,0
A02310,OPS_IT_B,P2,1,3,81,70,0
A02311,OPS_IT_B,P2,0,0,0,0,0
A02312,OPS_IT_B,P2,1,3,55,234,0
A02313,OPS_IT_B,P2,1,4,56,42,0
A02314,OPS_IT_B,P2,1,2,59,1,0
A02315,OPS_IT_B,P2,0,0,0,0,0
A02316,OPS_IT_B,P2,1,3,85,108,0
A02317,OPS_IT_B,P2,1,4,69,134,0
A02318,OPS_IT_B,P2,1,3,70,16,0
A02319,OPS_IT_B,P2,0,0,0,0,0
A02320,OPS_IT_B,P2,1,5,58,6,0
A02321,OPS_IT_B,P2,1,4,76,13,0
A02322,OPS_IT_B,P2,1,2,86,2,2
A02323,OPS_IT_B,P2,1,3,51,208,0
A02324,OPS_IT_B,P2,1,4,93,26,0
A02325,OPS_IT_B,P2,1,3,41,358,0
A02326,OPS_IT_B,P2,1,3,70,76,0
A02327,OPS_IT_B,P2,1,2,97,26,0
A02328,OPS_IT_B,P2,1,4,58,71,0
A02329,OPS_IT_B,P2,1,4,72,23,0
A02330,OPS_IT_B,P2,1,4,95,180,0
A02331,OPS_IT_B,P2,1,3,62,15,0
A02332,OPS_IT_B,P2,1,2,67,14,0
A02333,OPS_IT_B,P2,1,4,72,241,0
A02334,OPS_IT_B,P2,1,3,62,9,0
A02335,OPS_IT_B,P2,1,2,63,36,0
A02336,OPS_IT_B,P2,1,2,61,94,0
A02337,OPS_IT_B,P2,0,0,0,0,0
A02338,OPS_IT_B,P2,1,1,82,17,0
A02339,OPS_IT_B,P2,1,4,67,178,0
A02340,OPS_IT_B,P2,1,2,58,331,0
A02341,OPS_IT_B,P2,1,4,46,143,0
A02342,OPS_IT_B,P2,1,4,76,32,0
A02343,OPS_IT_B,P2,1,2,48,119,0
A02344,OPS_IT_B,P2,0,0,0,0,0
A02345,OPS_IT_B,P2,1,4,58,235,0
A02346,OPS_IT_B,P2,1,2,58,82,0
A02347,OPS_IT_B,P2,0,0,0,0,0
A02348,OPS_IT_B,P2,1,5,66,425,0
A02349,OPS_IT_B,P2,1,4,92,184,0
A02350,OPS_IT_B,P2,1,1,57,10,0
A02351,OPS_IT_B,P2,1,3,63,170,0
A02352,OPS_IT_B,P2,0,0,0,0,0
A02353,OPS_IT_B,P2,1,3,78,40,0
A02354,OPS_IT_B,P2,0,0,0,0,0
A02355,OPS_IT_B,P2,1,3,54,7,0
A02356,OPS_IT_B,P2,0,0,0,0,0
A02357,OPS_IT_B,P2,1,4,65,298,0
A02358,OPS_IT_B,P2,1,2,77,85,0
A02359,OPS_IT_B,P2,1,3,69,184,0
A02360,OPS_IT_B,P2,1,3,45,96,0
A02361,OPS_IT_B,P2,1,4,73,66,0
A02362,OPS_IT_B,P2,1,3,43,16,0
A02363,OPS_IT_B,P2,1,2,73,47,0
A02364,OPS_IT_B,P2,0,0,0,0,0
A02365,OPS_IT_B,P2,1,2,57,44,0
A02366,OPS_IT_B,P2,1,2,53,39,0
A02367,OPS_IT_B,P2,1,1,89,23,0
A02368,OPS_IT_B,P2,1,3,53,81,0
A02369,OPS_IT_B,P2,1,3,72,58,0
A02370,OPS_IT_B,P2,0,0,0,0,0
A02371,OPS_IT_B,P2,1,3,61,5,0
A02372,OPS_IT_B,P2,1,4,76,213,0
A02373,OPS_IT_B,P2,1,4,72,228,0
A02374,OPS_IT_B,P2,1,2,87,158,1
A02375,OPS_IT_B,P2,1,3,95,158,0
A02376,OPS_IT_B,P2,1,3,53,301,0
A02377,OPS_IT_B,P2,0,0,0,0,0
A02378,OPS_IT_B,P2,1,4,77,42,0
A02379,OPS_IT_B,P2,1,3,68,141,0
A02380,OPS_IT_B,P2,1,3,86,82,1
A02381,OPS_IT_B,P2,0,0,0,0,0
A02382,OPS_IT_B,P2,1,4,69,6,0
A02383,OPS_IT_B,P2,0,0,0,0,0
A02384,OPS_IT_B,P2,1,1,58,6,0
A02385,OPS_IT_B,P2,1,5,100,91,1
A02386,OPS_IT_B,P2,0,0,0,0,0
A02387,OPS_IT_B,P2,1,3,65,136,0
A02388,OPS_IT_B,P2,1,3,35,18,0
A02389,OPS_IT_B,P2,0,0,0,0,0
A02390,OPS_IT_B,P2,0,0,0,0,0
A02391,OPS_IT_B,P2,1,3,60,3,0
A02392,OPS_IT_B,P2,1,3,63,33,0
A02393,OPS_IT_B,P2,1,3,73,458,0
A02394,OPS_IT_B,P2,1,4,58,46,0
A02395,OPS_IT_B,P2,1,2,70,66,0
A02396,OPS_IT_B,P2,1,2,59,100,0
A02397,OPS_IT_B,P2,1,3,75,18,0
A02398,OPS_IT_B,P2,1,1,69,253,0
A02399,OPS_IT_B,P2,1,4,45,83,0
A02400,OPS_IT_B,P2,1,2,46,58,0
A02401,OPS_IT_B,P2,1,1,69,176,0
A02402,OPS_IT_B,P2,1,4,57,33,0
A02403,OPS_IT_B,P2,1,3,47,79,0
A02404,OPS_IT_B,P2,1,3,100,13,0
A02405,OPS_IT_B,P2,0,0,0,0,0
A02406,OPS_IT_B,P2,1,4,66,78,0
A02407,OPS_IT_B,P2,0,0,0,0,0
A02408,OPS_IT_B,P2,1,3,95,2,0
A02409,OPS_IT_B,P2,1,4,71,26,0
A02410,OPS_IT_B,P2,1,3,57,70,0
A02411,OPS_IT_B,P2,1,2,69,179,0
A02412,OPS_IT_B,P2,1,3,66,19,0
A02413,OPS_IT_B,P2,0,0,0,0,0
A02414,OPS_IT_B,P2,1,2,76,45,0
A02415,OPS_IT_B,P2,1,4,46,82,0
A02416,OPS_IT_B,P2,1,3,60,4,0
A02417,OPS_IT_B,P2,1,4,58,16,0
A02418,OPS_IT_B,P2,1,2,59,198,0
A02419,OPS_IT_B,P2,1,2,75,49,0
A02420,OPS_IT_B,P2,0,0,0,0,0
A02421,OPS_IT_B,P2,1,3,91,46,0
A02422,OPS_IT_B,P2,1,5,33,2,0
A02423,OPS_IT_B,P2,1,2,65,133,0
A02424,OPS_IT_B,P2,1,2,70,18,0
A02425,OPS_IT_B,P2,0,0,0,0,0
A02426,OPS_IT_B,P2,0,0,0,0,0
A02427,OPS_IT_B,P2,1,3,66,76,0
A02428,OPS_IT_B,P2,1,2,87,115,1
A02429,OPS_IT_B,P2,1,4,61,35,0
A02430,OPS_IT_B,P2,1,4,71,92,0
A02431,OPS_IT_B,P2,0,0,0,0,0
A02432,OPS_IT_B,P2,1,3,45,58,0
A02433,OPS_IT_B,P2,1,1,71,87,0
A02434,OPS_IT_B,P2,1,2,70,38,0
A02435,OPS_IT_B,P2,1,4,82,6,0
A02436,OPS_IT_B,P2,1,1,37,69,0
A02437,OPS_IT_B,P2,1,1,52,231,0
A02438,OPS_IT_B,P2,1,4,59,72,0
A02439,OPS_IT_B,P2,1,3,55,105,0
A02440,OPS_IT_B,P2,0,0,0,0,0
A02441,OPS_IT_B,P2,1,4,72,4,0
A02442,OPS_IT_B,P2,0,0,0,0,0
A02443,OPS_IT_B,P2,1,2,49,49,0
A02444,OPS_IT_B,P2,1,3,79,264,0
A02445,OPS_IT_B,P2,0,0,0,0,0
A02446,OPS_IT_B,P2,1,3,66,31,0
A02447,OPS_IT_B,P2,1,2,99,214,2
A02448,OPS_IT_B,P2,1,2,67,226,0
A02449,OPS_IT_B,P2,1,4,77,134,0
A02450,OPS_IT_B,P2,1,3,53,245,0
A02451,OPS_IT_B,P2,1,1,100,180,0
A02452,OPS_IT_B,P2,1,2,49,67,0
A02453,OPS_IT_B,P2,1,2,53,92,0
A02454,OPS_IT_B,P2,0,0,0,0,0
A02455,OPS_IT_B,P2,1,4,73,24,0
A02456,OPS_IT_B,P2,1,2,22,69,0
A02457,OPS_IT_B,P2,1,1,74,23,0
A02458,OPS_IT_B,P2,1,2,74,195,0
A02459,OPS_IT_B,P2,1,3,46,34,0
A02460,OPS_IT_B,P2,0,0,0,0,0
A02461,OPS_IT_B,P2,1,2,45,83,0
A02462,OPS_IT_B,P2,0,0,0,0,0
A02463,OPS_IT_B,P2,1,3,68,40,0
A02464,OPS_IT_B,P2,1,3,63,29,0
A02465,OPS_PL,P2,1,3,94,7,0
A02466,OPS_PL,P2,1,2,73,189,0
A02467,OPS_PL,P2,0,0,0,0,0
A02468,OPS_PL,P2,0,0,0,0,0
A02469,OPS_PL,P2,0,0,0,0,0
A02470,OPS_PL,P2,0,0,0,0,0
A02471,OPS_PL,P2,0,0,0,0,0
A02472,OPS_PL,P2,0,0,0,0,0
A02473,OPS_PL,P2,0,0,0,0,0
A02474,OPS_PL,P2,1,3,52,31,0
A02475,OPS_PL,P2,0,0,0,0,0
A02476,OPS_PL,P2,1,4,65,26,0
A02477,OPS_PL,P2,1,4,61,41,0
A02478,OPS_PL,P2,1,3,72,183,0
A02479,OPS_PL,P2,0,0,0,0,0
A02480,OPS_PL,P2,1,3,40,58,0
A02481,OPS_PL,P2,0,0,0,0,0
A02482,OPS_PL,P2,0,0,0,0,0
A02483,OPS_PL,P2,1,2,57,23,0
A02484,OPS_PL,P2,0,0,0,0,0
A02485,OPS_PL,P2,0,0,0,0,0
A02486,OPS_PL,P2,0,0,0,0,0
A02487,OPS_PL,P2,1,2,77,229,0
A02488,OPS_PL,P2,1,3,46,11,0
A02489,OPS_PL,P2,1,3,76,98,0
A02490,OPS_PL,P2,0,0,0,0,0
A02491,OPS_PL,P2,1,4,81,32,0
A02492,OPS_PL,P2,1,3,77,247,0
A02493,OPS_PL,P2,1,4,72,12,0
A02494,OPS_PL,P2,1,4,80,13,0
A02495,OPS_PL,P2,0,0,0,0,0
A02496,OPS_PL,P2,0,0,0,0,0
A02497,OPS_PL,P2,1,3,56,124,0
A02498,OPS_PL,P2,1,2,85,13,1
A02499,OPS_PL,P2,1,3,89,122,0
A02500,OPS_PL,P2,1,2,70,72,0
A02501,OPS_PL,P2,0,0,0,0,0
A02502,OPS_PL,P2,1,3,72,100,0
A02503,OPS_PL,P2,1,3,65,398,0
A02504,OPS_PL,P2,1,4,57,34,0
A02505,OPS_PL,P2,0,0,0,0,0
A02506,OPS_PL,P2,1,5,43,182,0
A02507,OPS_PL,P2,0,0,0,0,0
A02508,OPS_PL,P2,1,1,81,5,2
A02509,OPS_PL,P2,0,0,0,0,0
A02510,OPS_PL,P2,1,4,77,125,0
A02511,OPS_PL,P2,0,0,0,0,0
A02512,OPS_PL,P2,1,2,65,78,0
A02513,OPS_PL,P2,1,2,68,1088,0
A02514,OPS_PL,P2,1,2,90,169,0
A02515,OPS_PL,P2,0,0,0,0,0
A02516,OPS_PL,P2,0,0,0,0,0
A02517,OPS_PL,P2,0,0,0,0,0
A02518,OPS_PL,P2,1,4,51,532,0
A02519,OPS_PL,P2,0,0,0,0,0
A02520,OPS_PL,P2,1,4,60,31,0
A02521,OPS_PL,P2,1,1,66,297,0
A02522,OPS_PL,P2,0,0,0,0,0
A02523,OPS_PL,P2,1,3,89,119,2
A02524,OPS_PL,P2,1,2,81,69,0
A02525,OPS_PL,P2,1,2,58,298,0
A02526,OPS_PL,P2,0,0,0,0,0
A02527,OPS_PL,P2,0,0,0,0,0
A02528,OPS_PL,P2,0,0,0,0,0
A02529,OPS_PL,P2,1,2,46,6,0
A02530,OPS_PL,P2,0,0,0,0,0
A02531,OPS_PL,P2,0,0,0,0,0
A02532,OPS_PL,P2,1,1,75,209,0
A02533,OPS_PL,P2,1,3,97,103,1
A02534,OPS_PL,P2,1,3,49,189,0
A02535,OPS_PL,P2,1,4,88,60,1
A02536,OPS_PL,P2,1,3,67,223,0
A02537,OPS_PL,P2,1,4,66,66,0
A02538,OPS_PL,P2,1,3,99,411,0
A02539,OPS_PL,P2,1,3,92,110,1
A02540,OPS_PL,P2,0,0,0,0,0
A02541,OPS_PL,P2,1,3,76,127,0
A02542,OPS_PL,P2,1,2,51,146,0
A02543,OPS_PL,P2,0,0,0,0,0
A02544,OPS_PL,P2,1,5,55,61,0
A02545,OPS_PL,P2,1,2,68,322,0
A02546,OPS_PL,P2,1,2,97,170,2
A02547,OPS_PL,P2,1,3,67,162,0
A02548,OPS_PL,P2,1,2,64,50,0
A02549,OPS_PL,P2,1,4,84,101,0
A02550,OPS_PL,P2,1,4,82,148,0
A02551,OPS_PL,P2,0,0,0,0,0
A02552,OPS_PL,P2,1,4,88,72,0
A02553,OPS_PL,P2,0,0,0,0,0
A02554,OPS_PL,P2,0,0,0,0,0
A02555,OPS_PL,P2,0,0,0,0,0
A02556,OPS_PL,P2,0,0,0,0,0
A02557,OPS_PL,P2,1,3,76,28,0
A02558,OPS_PL,P2,0,0,0,0,0
A02559,OPS_PL,P2,1,4,49,34,0
A02560,OPS_PL,P2,0,0,0,0,0
A02561,OPS_PL,P2,1,5,52,8,0
A02562,OPS_PL,P2,1,4,49,143,0
A02563,OPS_PL,P2,0,0,0,0,0
A02564,OPS_PL,P2,1,4,62,67,0
A02565,OPS_PL,P2,0,0,0,0,0
A02566,OPS_PL,P2,0,0,0,0,0
A02567,OPS_PL,P2,0,0,0,0,0
A02568,OPS_PL,P2,1,4,71,51,0
A02569,OPS_PL,P2,1,3,62,119,0
A02570,OPS_PL,P2,1,4,74,25,0
A02571,OPS_PL,P2,1,3,65,304,0
A02572,OPS_PL,P2,1,2,96,43,0
A02573,OPS_PL,P2,1,4,75,515,0
A02574,OPS_PL,P2,1,3,44,177,0
A02575,OPS_PL,P2,0,0,0,0,0
A02576,OPS_PL,P2,0,0,0,0,0
A02577,OPS_PL,P2,1,4,80,374,0
A02578,OPS_PL,P2,1,2,75,245,0
A02579,OPS_PL,P2,1,4,57,285,0
A02580,OPS_PL,P2,1,4,70,29,0
A02581,OPS_PL,P2,0,0,0,0,0
A02582,OPS_PL,P2,1,3,82,73,2
A02583,OPS_PL,P2,0,0,0,0,0
A02584,OPS_PL,P2,1,4,76,131,0
A02585,OPS_PL,P2,1,4,84,280,2
A02586,OPS_PL,P2,1,5,59,35,0
A02587,OPS_PL,P2,1,3,64,366,0
A02588,OPS_PL,P2,1,3,79,97,0
A02589,OPS_PL,P2,0,0,0,0,0
A02590,OPS_PL,P2,1,4,50,191,0
A02591,OPS_PL,P2,1,3,59,337,0
A02592,OPS_PL,P2,1,3,91,11,0
A02593,OPS_PL,P2,1,2,63,142,0
A02594,OPS_PL,P2,0,0,0,0,0
A02595,OPS_PL,P2,0,0,0,0,0
A02596,OPS_PL,P2,1,3,62,583,0
A02597,OPS_PL,P2,0,0,0,0,0
A02598,OPS_PL,P2,1,2,49,134,0
A02599,OPS_PL,P2,1,1,76,20,0
A02600,OPS_PL,P2,0,0,0,0,0
A02601,OPS_PL,P2,1,4,71,297,0
A02602,OPS_PL,P2,0,0,0,0,0
A02603,OPS_PL,P2,1,3,75,245,0
A02604,OPS_PL,P2,1,3,53,92,0
A02605,OPS_PL,P2,1,3,99,101,0
A02606,OPS_PL,P2,0,0,0,0,0
A02607,OPS_PL,P2,1,2,93,82,0
A02608,OPS_PL,P2,1,3,39,203,0
A02609,OPS_PL,P2,1,2,66,149,0
A02610,OPS_PL,P2,0,0,0,0,0
A02611,OPS_PL,P2,1,4,55,17,0
A02612,OPS_PL,P2,0,0,0,0,0
A02613,OPS_PL,P2,0,0,0,0,0
A02614,OPS_PL,P2,0,0,0,0,0
A02615,OPS_PL,P2,0,0,0,0,0
A02616,OPS_PL,P2,0,0,0,0,0
A02617,OPS_PL,P2,1,2,69,275,0
A02618,OPS_PL,P2,1,3,63,124,0
A02619,OPS_PL,P2,1,2,100,190,0
A02620,OPS_PL,P2,1,2,50,155,0
A02621,OPS_PL,P2,0,0,0,0,0
A02622,OPS_PL,P2,0,0,0,0,0
A02623,OPS_PL,P2,0,0,0,0,0
A02624,OPS_PL,P2,0,0,0,0,0
A02625,OPS_PL,P2,0,0,0,0,0
A02626,OPS_PL,P2,1,3,88,60,0
A02627,OPS_PL,P2,0,0,0,0,0
A02628,OPS_PL,P2,0,0,0,0,0
A02629,OPS_PL,P2,0,0,0,0,0
A02630,OPS_PL,P2,1,2,72,252,0
A02631,OPS_PL,P2,0,0,0,0,0
A02632,OPS_PL,P2,0,0,0,0,0
A02633,OPS_PL,P2,0,0,0,0,0
A02634,OPS_PL,P2,0,0,0,0,0
A02635,OPS_PL,P2,1,2,50,32,0
A02636,OPS_PL,P2,0,0,0,0,0
A02637,OPS_PL,P2,1,3,63,275,0
A02638,OPS_PL,P2,0,0,0,0,0
A02639,OPS_PL,P2,1,2,52,163,0
A02640,OPS_PL,P2,0,0,0,0,0
A02641,OPS_PL,P2,1,3,56,52,0
A02642,OPS_PL,P2,1,2,92,2,0
A02643,OPS_PL,P2,1,3,79,441,0
A02644,OPS_PL,P2,0,0,0,0,0
A02645,OPS_PL,P2,1,3,74,499,0
A02646,OPS_PL,P2,1,3,77,97,0
A02647,OPS_PL,P2,0,0,0,0,0
A02648,OPS_PL,P2,1,3,68,121,0
A02649,OPS_PL,P2,0,0,0,0,0
A02650,OPS_PL,P2,0,0,0,0,0
A02651,OPS_PL,P2,0,0,0,0,0
A02652,OPS_PL,P2,0,0,0,0,0
A02653,OPS_PL,P2,1,3,70,75,0
A02654,OPS_PL,P2,0,0,0,0,0
A02655,OPS_PL,P2,1,3,79,514,0
A02656,OPS_PL,P2,0,0,0,0,0
A02657,OPS_PL,P2,0,0,0,0,0
A02658,OPS_PL,P2,1,3,65,118,0
A02659,OPS_PL,P2,0,0,0,0,0
A02660,OPS_PL,P2,0,0,0,0,0
A02661,OPS_PL,P2,0,0,0,0,0
A02662,OPS_PL,P2,0,0,0,0,0
A02663,OPS_PL,P2,1,5,87,4,0
A02664,OPS_PL,P2,0,0,0,0,0
A02665,OPS_PL,P2,1,3,62,51,0
A02666,OPS_PL,P2,1,4,70,8,0
A02667,OPS_PL,P2,0,0,0,0,0
A02668,OPS_PL,P2,0,0,0,0,0
A02669,OPS_PL,P2,1,4,88,16,0
A02670,OPS_PL,P2,0,0,0,0,0
A02671,OPS_PL,P2,0,0,0,0,0
A02672,OPS_PL,P2,1,2,78,19,0
A02673,OPS_PL,P2,1,3,64,385,0
A02674,OPS_PL,P2,0,0,0,0,0
A02675,OPS_PL,P2,1,4,63,102,0
A02676,OPS_PL,P2,0,0,0,0,0
A02677,OPS_PL,P2,1,3,64,133,0
A02678,OPS_PL,P2,0,0,0,0,0
A02679,OPS_PL,P2,1,3,56,221,0
A02680,OPS_PL,P2,1,4,82,259,0
A02681,OPS_PL,P2,1,2,60,295,0
A02682,OPS_PL,P2,1,3,65,133,0
A02683,OPS_PL,P2,1,4,72,155,0
A02684,OPS_PL,P2,1,3,72,4,0
A02685,OPS_PL,P2,0,0,0,0,0
A02686,OPS_PL,P2,1,3,18,109,0
A02687,OPS_PL,P2,0,0,0,0,0
A02688,OPS_PL,P2,1,3,100,453,0
A02689,OPS_PL,P2,0,0,0,0,0
A02690,OPS_PL,P2,1,3,64,23,0
A02691,OPS_PL,P2,0,0,0,0,0
A02692,OPS_PL,P2,1,3,100,20,0
A02693,OPS_PL,P2,1,2,100,345,0
A02694,OPS_PL,P2,0,0,0,0,0
A02695,OPS_PL,P2,1,4,25,75,0
A02696,OPS_PL,P2,0,0,0,0,0
A02697,OPS_PL,P2,1,3,56,38,0
A02698,OPS_PL,P2,0,0,0,0,0
A02699,OPS_PL,P2,1,3,63,817,0
A02700,OPS_PL,P2,1,1,100,129,0
A02701,OPS_PL,P2,0,0,0,0,0
A02702,OPS_PL,P2,1,2,55,57,0
A02703,OPS_PL,P2,1,4,75,78,0
A02704,OPS_PL,P2,1,2,74,5,0
A02705,OPS_PL,P2,0,0,0,0,0
A02706,OPS_PL,P2,1,4,53,84,0
A02707,OPS_PL,P2,1,3,70,144,0
A02708,OPS_PL,P2,1,2,89,395,0
A02709,OPS_PL,P2,0,0,0,0,0
A02710,OPS_PL,P2,0,0,0,0,0
A02711,OPS_PL,P2,1,3,100,166,0
A02712,OPS_PL,P2,1,3,87,201,0
A02713,OPS_PL,P2,0,0,0,0,0
A02714,OPS_PL,P2,0,0,0,0,0
A02715,OPS_PL,P2,0,0,0,0,0
A02716,OPS_PL,P2,1,3,62,57,0
A02717,OPS_PL,P2,0,0,0,0,0
A02718,OPS_PL,P2,0,0,0,0,0
A02719,OPS_PL,P2,0,0,0,0,0
A02720,OPS_PL,P2,1,3,86,323,0
A02721,OPS_PL,P2,1,2,83,205,0
A02722,OPS_PL,P2,0,0,0,0,0
A02723,OPS_PL,P2,1,1,69,44,0
A02724,OPS_PL,P2,0,0,0,0,0
A02725,OPS_PL,P2,0,0,0,0,0
A02726,OPS_PL,P2,0,0,0,0,0
A02727,OPS_PL,P2,1,3,53,143,0
A02728,OPS_PL,P2,0,0,0,0,0
A02729,OPS_PL,P2,0,0,0,0,0
A02730,OPS_PL,P2,1,4,57,126,0
A02731,OPS_PL,P2,1,1,51,80,0
A02732,OPS_PL,P2,1,3,68,78,0
A02733,OPS_PL,P2,1,4,75,188,0
A02734,OPS_PL,P2,1,2,86,44,1
A02735,OPS_PL,P2,1,4,85,74,0
A02736,OPS_PL,P2,1,4,83,154,0
A02737,OPS_PL,P2,0,0,0,0,0
A02738,OPS_PL,P2,1,3,77,692,0
A02739,OPS_PL,P2,0,0,0,0,0
A02740,OPS_PL,P2,0,0,0,0,0
A02741,OPS_PL,P2,0,0,0,0,0
A02742,OPS_PL,P2,1,4,74,572,0
A02743,OPS_PL,P2,1,2,81,28,2
A02744,OPS_PL,P2,1,1,79,178,0
A02745,OPS_PL,P2,1,2,75,211,0
A02746,OPS_PL,P2,0,0,0,0,0
A02747,OPS_PL,P2,1,4,73,134,0
A02748,OPS_PL,P2,0,0,0,0,0
A02749,OPS_PL,P2,0,0,0,0,0
A02750,OPS_PL,P2,0,0,0,0,0
A02751,OPS_PL,P2,0,0,0,0,0
A02752,OPS_PL,P2,1,3,70,84,0
A02753,OPS_PL,P2,1,2,63,29,0
A02754,OPS_PL,P2,1,2,65,65,0
A02755,OPS_PL,P2,1,3,91,93,0
A02756,OPS_PL,P2,0,0,0,0,0
A02757,OPS_PL,P2,1,3,82,325,1
A02758,OPS_PL,P2,0,0,0,0,0
A02759,OPS_PL,P2,1,2,75,309,0
A02760,OPS_PL,P2,1,2,72,180,0
A02761,OPS_PL,P2,0,0,0,0,0
A02762,OPS_PL,P2,1,3,68,35,0
A02763,OPS_PL,P2,0,0,0,0,0
A02764,OPS_PL,P2,1,1,100,103,2
A02765,OPS_PL,P2,0,0,0,0,0
A02766,OPS_PL,P2,1,2,62,15,0
A02767,OPS_PL,P2,1,3,70,1,0
A02768,OPS_PL,P2,0,0,0,0,0
A02769,OPS_PL,P2,1,1,100,50,0
A02770,OPS_PL,P2,1,2,82,25,0
A02771,OPS_PL,P2,1,4,80,6,0
A02772,OPS_PL,P2,0,0,0,0,0
A02773,OPS_PL,P2,1,3,73,98,0
A02774,OPS_PL,P2,1,4,70,175,0
A02775,OPS_PL,P2,0,0,0,0,0
A02776,OPS_PL,P2,0,0,0,0,0
A02777,OPS_PL,P2,0,0,0,0,0
A02778,OPS_PL,P2,1,2,67,29,0
A02779,OPS_PL,P2,1,4,26,145,0
A02780,OPS_PL,P2,1,4,49,10,0
A02781,OPS_PL,P2,0,0,0,0,0
A02782,OPS_PL,P2,0,0,0,0,0
A02783,OPS_PL,P2,0,0,0,0,0
A02784,OPS_PL,P2,0,0,0,0,0
A02785,OPS_PL,P2,1,4,18,53,0
A02786,OPS_PL,P2,0,0,0,0,0
A02787,OPS_PL,P2,1,3,65,3,0
A02788,OPS_PL,P2,1,4,45,112,0
A02789,OPS_PL,P2,1,4,80,145,0
A02790,OPS_PL,P2,1,2,61,475,0
A02791,OPS_PL,P2,1,4,94,50,0
A02792,OPS_PL,P2,0,0,0,0,0
A02793,OPS_PL,P2,1,4,77,29,0
A02794,OPS_PL,P2,0,0,0,0,0
A02795,OPS_PL,P2,1,3,68,82,0
A02796,OPS_PL,P2,0,0,0,0,0
A02797,OPS_PL,P2,1,4,87,56,0
A02798,OPS_PL,P2,1,2,79,199,0
A02799,OPS_PL,P2,1,3,71,157,0
A02800,OPS_PL,P2,0,0,0,0,0
A02801,OPS_PL,P2,0,0,0,0,0
A02802,OPS_PL,P2,1,3,86,102,0
A02803,OPS_PL,P2,0,0,0,0,0
A02804,OPS_PL,P2,1,4,83,20,1
A02805,OPS_PL,P2,1,3,77,47,0
A02806,OPS_PL,P2,1,4,75,122,0
A02807,OPS_PL,P2,1,2,98,108,0
A02808,OPS_PL,P2,0,0,0,0,0
A02809,OPS_PL,P2,1,2,62,254,0
A02810,OPS_PL,P2,1,1,71,87,0
A02811,OPS_PL,P2,1,3,61,38,0
A02812,OPS_PL,P2,0,0,0,0,0
A02813,OPS_PL,P2,0,0,0,0,0
A02814,OPS_PL,P2,0,0,0,0,0
A02815,OPS_PL,P2,1,3,63,57,0
A02816,OPS_PL,P2,0,0,0,0,0
A02817,OPS_PL,P2,0,0,0,0,0
A02818,OPS_PL,P2,1,3,76,106,0
A02819,OPS_PL,P2,1,2,69,10,0
A02820,OPS_PL,P2,0,0,0,0,0
A02821,OPS_PL,P2,1,3,92,70,0
A02822,OPS_PL,P2,1,4,32,34,0
A02823,OPS_PL,P2,1,2,74,315,0
A02824,OPS_PL,P2,0,0,0,0,0
A02825,OPS_PL,P2,0,0,0,0,0
A02826,OPS_PL,P2,1,3,37,190,0
A02827,OPS_PL,P2,1,3,82,23,0
A02828,OPS_PL,P2,0,0,0,0,0
A02829,OPS_PL,P2,0,0,0,0,0
A02830,OPS_PL,P2,1,4,81,284,1
A02831,OPS_PL,P2,0,0,0,0,0
A02832,OPS_PL,P2,1,5,61,26,0
A02833,OPS_PL,P2,0,0,0,0,0
A02834,OPS_PL,P2,1,4,54,163,0
A02835,OPS_PL,P2,0,0,0,0,0
A02836,OPS_PL,P2,0,0,0,0,0
A02837,OPS_PL,P2,0,0,0,0,0
A02838,OPS_PL,P2,0,0,0,0,0
A02839,OPS_PL,P2,0,0,0,0,0
A02840,OPS_PL,P2,0,0,0,0,0
A02841,OPS_PL,P2,0,0,0,0,0
A02842,OPS_PL,P2,0,0,0,0,0
A02843,OPS_PL,P2,1,4,91,314,0
A02844,OPS_PL,P2,1,3,80,121,0
A02845,OPS_PL,P2,0,0,0,0,0
A02846,OPS_PL,P2,0,0,0,0,0
A02847,OPS_PL,P2,0,0,0,0,0
A02848,OPS_PL,P2,0,0,0,0,0
A02849,OPS_PL,P2,0,0,0,0,0
A02850,OPS_PL,P2,1,4,57,34,0
A02851,OPS_PL,P2,0,0,0,0,0
A02852,OPS_PL,P2,0,0,0,0,0
A02853,OPS_PL,P2,1,3,63,609,0
A02854,OPS_PL,P2,1,4,37,185,0
A02855,OPS_PL,P2,1,2,78,74,0
A02856,OPS_PL,P2,1,2,60,133,0
A02857,OPS_PL,P2,1,3,63,142,0
A02858,OPS_PL,P2,1,3,67,200,0
A02859,OPS_PL,P2,1,3,89,148,1
A02860,OPS_PL,P2,0,0,0,0,0
A02861,OPS_PL,P2,1,3,53,175,0
A02862,OPS_PL,P2,1,3,90,176,0
A02863,OPS_PL,P2,0,0,0,0,0
A02864,OPS_PL,P2,1,3,100,77,0
A02865,OPS_PL,P2,1,3,70,262,0
A02866,OPS_PL,P2,0,0,0,0,0
A02867,OPS_PL,P2,1,4,64,405,0
A02868,OPS_PL,P2,1,3,76,28,0
A02869,OPS_PL,P2,1,5,74,270,0
A02870,OPS_PL,P2,1,3,53,200,0
A02871,OPS_PL,P2,0,0,0,0,0
A02872,OPS_PL,P2,0,0,0,0,0
A02873,OPS_PL,P2,1,5,100,224,1
A02874,OPS_PL,P2,1,4,54,79,0
A02875,OPS_PL,P2,1,1,60,19,0
A02876,OPS_PL,P2,1,3,71,189,0
A02877,OPS_PL,P2,0,0,0,0,0
A02878,OPS_PL,P2,0,0,0,0,0
A02879,OPS_PL,P2,0,0,0,0,0
A02880,OPS_PL,P2,0,0,0,0,0
A02881,OPS_PL,P2,0,0,0,0,0
A02882,OPS_PL,P2,0,0,0,0,0
A02883,OPS_PL,P2,0,0,0,0,0
A02884,OPS_PL,P2,1,3,100,93,0
A02885,OPS_PL,P2,1,4,72,307,0
A02886,OPS_PL,P2,0,0,0,0,0
A02887,OPS_PL,P2,1,3,66,135,0
A02888,OPS_PL,P2,1,2,77,88,0
A02889,OPS_PL,P2,1,2,59,464,0
A02890,OPS_PL,P2,1,3,61,7,0
A02891,OPS_PL,P2,1,5,77,28,0
A02892,OPS_PL,P2,0,0,0,0,0
A02893,OPS_PL,P2,0,0,0,0,0
A02894,OPS_PL,P2,0,0,0,0,0
A02895,OPS_PL,P2,1,4,71,169,0
A02896,OPS_PL,P2,1,3,59,140,0
A02897,OPS_PL,P2,0,0,0,0,0
A02898,OPS_PL,P2,1,2,73,113,0
A02899,OPS_PL,P2,0,0,0,0,0
A02900,OPS_PL,P2,0,0,0,0,0
A02901,OPS_PL,P2,1,4,82,621,0
A02902,OPS_PL,P2,1,2,64,351,0
A02903,OPS_PL,P2,0,0,0,0,0
A02904,OPS_PL,P2,0,0,0,0,0
A02905,OPS_PL,P2,1,3,81,370,0
A02906,OPS_PL,P2,1,2,80,71,0
A02907,OPS_PL,P2,0,0,0,0,0
A02908,OPS_PL,P2,0,0,0,0,0
A02909,OPS_PL,P2,0,0,0,0,0
A02910,OPS_PL,P2,0,0,0,0,0
A02911,OPS_PL,P2,1,3,69,151,0
A02912,OPS_PL,P2,1,3,85,20,0
A02913,OPS_PL,P2,1,3,82,243,0
A02914,OPS_PL,P2,0,0,0,0,0
A02915,OPS_PL,P2,1,2,60,898,0
A02916,OPS_PL,P2,0,0,0,0,0
A02917,OPS_PL,P2,1,3,61,43,0
A02918,OPS_PL,P2,0,0,0,0,0
A02919,OPS_PL,P2,0,0,0,0,0
A02920,OPS_PL,P2,1,4,92,46,2
A02921,OPS_PL,P2,0,0,0,0,0
A02922,OPS_PL,P2,1,4,65,325,0
A02923,OPS_PL,P2,1,4,35,206,0
A02924,OPS_PL,P2,1,2,75,76,0
A02925,OPS_PL,P2,1,4,81,98,1
A02926,OPS_PL,P2,0,0,0,0,0
A02927,OPS_PL,P2,1,2,67,338,0
A02928,OPS_PL,P2,0,0,0,0,0
A02929,OPS_PL,P2,0,0,0,0,0
A02930,OPS_PL,P2,0,0,0,0,0
A02931,OPS_PL,P2,1,3,66,247,0
A02932,OPS_PL,P2,0,0,0,0,0
A02933,OPS_PL,P2,1,3,70,199,0
A02934,OPS_PL,P2,1,3,93,163,2
A02935,OPS_PL,P2,0,0,0,0,0
A02936,OPS_PL,P2,0,0,0,0,0
A02937,OPS_PL,P2,1,4,81,180,0
A02938,OPS_PL,P2,1,3,58,16,0
A02939,OPS_PL,P2,0,0,0,0,0
A02940,OPS_PL,P2,1,2,35,31,0
A02941,OPS_PL,P2,1,3,77,266,0
A02942,OPS_PL,P2,1,3,68,6,0
A02943,OPS_PL,P2,1,2,78,884,0
A02944,OPS_PL,P2,1,4,70,216,0
A02945,CORP_UK,P2,1,4,88,80,1
A02946,CORP_UK,P2,1,4,95,20,0
A02947,CORP_UK,P2,1,4,51,4,0
A02948,CORP_UK,P2,1,4,19,70,0
A02949,CORP_UK,P2,1,5,34,10,0
A02950,CORP_UK,P2,1,4,31,135,0
A02951,CORP_UK,P2,0,0,0,0,0
A02952,CORP_UK,P2,1,4,58,21,0
A02953,CORP_UK,P2,1,4,66,11,0
A02954,CORP_UK,P2,1,4,78,20,0
A02955,CORP_UK,P2,1,4,48,42,0
A02956,CORP_UK,P2,1,3,51,204,0
A02957,CORP_UK,P2,1,5,53,9,0
A02958,CORP_UK,P2,1,3,49,15,0
A02959,CORP_UK,P2,1,3,44,93,0
A02960,CORP_UK,P2,1,4,63,10,0
A02961,CORP_UK,P2,1,2,80,18,0
A02962,CORP_UK,P2,1,5,51,13,0
A02963,CORP_UK,P2,1,4,48,43,0
A02964,CORP_UK,P2,1,3,63,106,0
A02965,CORP_UK,P2,1,3,56,49,0
A02966,CORP_UK,P2,1,3,71,17,0
A02967,CORP_UK,P2,1,3,39,41,0
A02968,CORP_UK,P2,1,5,67,122,0
A02969,CORP_UK,P2,1,4,36,52,0
A02970,CORP_UK,P2,1,4,38,19,0
A02971,CORP_UK,P2,1,4,54,39,0
A02972,CORP_UK,P2,1,5,31,36,0
A02973,CORP_UK,P2,0,0,0,0,0
A02974,CORP_UK,P2,1,3,72,41,0
A02975,CORP_UK,P2,1,4,40,98,0
A02976,CORP_UK,P2,0,0,0,0,0
A02977,CORP_UK,P2,1,4,77,53,0
A02978,CORP_UK,P2,1,2,12,52,0
A02979,CORP_UK,P2,0,0,0,0,0
A02980,CORP_UK,P2,1,5,57,10,0
A02981,CORP_UK,P2,1,5,42,61,0
A02982,CORP_UK,P2,0,0,0,0,0
A02983,CORP_UK,P2,1,4,36,39,0
A02984,CORP_UK,P2,1,5,19,6,0
A02985,CORP_UK,P2,1,5,89,48,0
A02986,CORP_UK,P2,1,5,55,29,0
A02987,CORP_UK,P2,1,4,37,14,0
A02988,CORP_UK,P2,0,0,0,0,0
A02989,CORP_UK,P2,1,4,63,3,0
A02990,CORP_UK,P2,1,3,50,1,0
A02991,CORP_UK,P2,1,3,67,105,0
A02992,CORP_UK,P2,1,4,89,60,0
A02993,CORP_UK,P2,1,3,82,16,1
A02994,CORP_UK,P2,1,3,63,125,0
A02995,CORP_UK,P2,1,4,72,66,0
A02996,CORP_UK,P2,0,0,0,0,0
A02997,CORP_UK,P2,1,5,66,12,0
A02998,CORP_UK,P2,1,4,28,140,0
A02999,CORP_UK,P2,1,4,41,81,0
A03000,CORP_UK,P2,1,5,74,10,0
A03001,CORP_UK,P2,1,2,29,59,0
A03002,CORP_UK,P2,1,5,55,75,0
A03003,CORP_UK,P2,0,0,0,0,0
A03004,CORP_UK,P2,0,0,0,0,0
A03005,CORP_UK,P2,1,4,47,89,0
A03006,CORP_UK,P2,1,4,94,7,0
A03007,CORP_UK,P2,1,4,47,34,0
A03008,CORP_UK,P2,1,5,41,35,0
A03009,CORP_UK,P2,1,5,69,167,0
A03010,CORP_UK,P2,1,2,67,4,0
A03011,CORP_UK,P2,1,4,51,60,0
A03012,CORP_UK,P2,1,5,78,100,0
A03013,CORP_UK,P2,1,2,63,22,0
A03014,CORP_UK,P2,1,4,52,3,0
A03015,CORP_UK,P2,1,5,58,29,0
A03016,CORP_UK,P2,1,4,54,15,0
A03017,CORP_UK,P2,1,5,41,3,0
A03018,CORP_UK,P2,1,5,31,51,0
A03019,CORP_UK,P2,1,5,67,32,0
A03020,CORP_UK,P2,1,4,80,14,0
A03021,CORP_UK,P2,1,4,58,174,0
A03022,CORP_UK,P2,1,4,40,20,0
A03023,CORP_UK,P2,1,4,73,42,0
A03024,CORP_UK,P2,1,5,61,80,0
A03025,CORP_UK,P2,0,0,0,0,0
A03026,CORP_UK,P2,1,5,51,37,0
A03027,CORP_UK,P2,1,4,73,104,0
A03028,CORP_UK,P2,1,5,41,30,0
A03029,CORP_UK,P2,1,5,61,52,0
A03030,CORP_UK,P2,1,4,68,3,0
A03031,CORP_UK,P2,1,4,33,97,0
A03032,CORP_UK,P2,1,3,41,22,0
A03033,CORP_UK,P2,1,4,27,1,0
A03034,CORP_UK,P2,1,4,37,46,0
A03035,CORP_UK,P2,1,5,11,59,0
A03036,CORP_UK,P2,1,4,51,64,0
A03037,CORP_UK,P2,1,2,40,35,0
A03038,CORP_UK,P2,0,0,0,0,0
A03039,CORP_UK,P2,1,5,46,27,0
A03040,CORP_UK,P2,1,4,71,14,0
A03041,CORP_UK,P2,1,3,77,52,0
A03042,CORP_UK,P2,0,0,0,0,0
A03043,CORP_UK,P2,0,0,0,0,0
A03044,CORP_UK,P2,0,0,0,0,0
A03045,CORP_UK,P2,1,5,69,13,0
A03046,CORP_UK,P2,1,4,47,14,0
A03047,CORP_UK,P2,0,0,0,0,0
A03048,CORP_UK,P2,1,4,72,5,0
A03049,CORP_UK,P2,0,0,0,0,0
A03050,CORP_UK,P2,1,4,64,2,0
A03051,CORP_UK,P2,1,3,60,58,0
A03052,CORP_UK,P2,0,0,0,0,0
A03053,CORP_UK,P2,0,0,0,0,0
A03054,CORP_UK,P2,1,4,47,89,0
A03055,CORP_UK,P2,1,5,60,91,0
A03056,CORP_UK,P2,1,4,62,24,0
A03057,CORP_UK,P2,1,5,59,20,0
A03058,CORP_UK,P2,1,4,47,18,0
A03059,CORP_UK,P2,1,5,40,104,0
A03060,CORP_UK,P2,0,0,0,0,0
A03061,CORP_UK,P2,1,2,56,12,0
A03062,CORP_UK,P2,1,4,51,5,0
A03063,CORP_UK,P2,1,3,45,10,0
A03064,CORP_UK,P2,1,5,50,6,0
A03065,CORP_UK,P2,1,4,75,4,0
A03066,CORP_UK,P2,0,0,0,0,0
A03067,CORP_UK,P2,1,5,28,43,0
A03068,CORP_UK,P2,1,5,53,173,0
A03069,CORP_UK,P2,0,0,0,0,0
A03070,CORP_UK,P2,1,5,59,57,0
A03071,CORP_UK,P2,1,4,61,59,0
A03072,CORP_UK,P2,1,5,38,29,0
A03073,CORP_UK,P2,1,4,73,125,0
A03074,CORP_UK,P2,1,4,89,78,0
A03075,CORP_UK,P2,1,4,37,24,0
A03076,CORP_UK,P2,0,0,0,0,0
A03077,CORP_UK,P2,1,3,70,13,0
A03078,CORP_UK,P2,1,4,60,31,0
A03079,CORP_UK,P2,1,4,35,48,0
A03080,CORP_UK,P2,1,4,46,87,0
A03081,CORP_UK,P2,1,3,47,81,0
A03082,CORP_UK,P2,1,5,50,2,0
A03083,CORP_UK,P2,0,0,0,0,0
A03084,CORP_UK,P2,1,4,59,3,0
A03085,CORP_UK,P2,0,0,0,0,0
A03086,CORP_UK,P2,1,5,46,9,0
A03087,CORP_UK,P2,1,4,79,23,0
A03088,CORP_UK,P2,1,3,85,7,1
A03089,CORP_UK,P2,0,0,0,0,0
A03090,CORP_UK,P2,1,2,45,86,0
A03091,CORP_UK,P2,1,3,65,41,0
A03092,CORP_UK,P2,0,0,0,0,0
A03093,CORP_UK,P2,1,5,68,3,0
A03094,CORP_UK,P2,1,4,66,64,0
A03095,CORP_UK,P2,1,4,37,21,0
A03096,CORP_UK,P2,1,3,59,79,0
A03097,CORP_UK,P2,1,5,50,105,0
A03098,CORP_UK,P2,1,4,56,1,0
A03099,CORP_UK,P2,1,5,70,39,0
A03100,CORP_UK,P2,1,5,51,34,0
A03101,CORP_UK,P2,1,4,37,86,0
A03102,CORP_UK,P2,1,4,68,141,0
A03103,CORP_UK,P2,1,4,55,22,0
A03104,CORP_UK,P2,0,0,0,0,0
A03105,CORP_UK,P2,1,3,53,15,0
A03106,CORP_UK,P2,1,3,63,42,0
A03107,CORP_UK,P2,1,5,52,109,0
A03108,CORP_UK,P2,1,3,63,7,0
A03109,CORP_UK,P2,0,0,0,0,0
A03110,CORP_UK,P2,1,4,41,133,0
A03111,CORP_UK,P2,1,4,64,48,0
A03112,CORP_UK,P2,1,4,56,14,0
A03113,CORP_UK,P2,1,2,40,31,0
A03114,CORP_UK,P2,1,4,61,15,0
A03115,CORP_UK,P2,1,5,52,85,0
A03116,CORP_UK,P2,0,0,0,0,0
A03117,CORP_UK,P2,1,4,73,77,0
A03118,CORP_UK,P2,1,5,45,2,0
A03119,CORP_UK,P2,0,0,0,0,0
A03120,CORP_UK,P2,1,5,54,58,0
A03121,CORP_UK,P2,1,2,51,22,0
A03122,CORP_UK,P2,1,3,58,21,0
A03123,CORP_UK,P2,1,5,41,89,0
A03124,CORP_UK,P2,1,4,45,1,0
A03125,CORP_UK,P2,1,4,57,66,0
A03126,CORP_UK,P2,1,4,42,20,0
A03127,CORP_UK,P2,1,5,63,50,0
A03128,CORP_UK,P2,1,4,56,26,0
A03129,CORP_UK,P2,1,5,60,87,0
A03130,CORP_UK,P2,1,3,40,38,0
A03131,CORP_UK,P2,0,0,0,0,0
A03132,CORP_UK,P2,1,4,51,41,0
A03133,CORP_UK,P2,1,4,37,62,0
A03134,CORP_UK,P2,1,4,26,47,0
A03135,CORP_UK,P2,1,3,33,219,0
A03136,CORP_UK,P2,0,0,0,0,0
A03137,CORP_UK,P2,1,5,69,1,0
A03138,CORP_UK,P2,1,5,56,38,0
A03139,CORP_UK,P2,1,3,91,117,1
A03140,CORP_UK,P2,1,4,56,21,0
A03141,CORP_UK,P2,1,2,32,42,0
A03142,CORP_UK,P2,1,5,71,5,0
A03143,CORP_UK,P2,1,4,72,19,0
A03144,CORP_UK,P2,1,2,72,25,0
A03145,CORP_UK,P2,1,4,44,10,0
A03146,CORP_UK,P2,1,2,79,72,0
A03147,CORP_UK,P2,1,4,74,71,0
A03148,CORP_UK,P2,1,4,61,77,0
A03149,CORP_UK,P2,1,4,39,10,0
A03150,CORP_UK,P2,1,3,46,26,0
A03151,CORP_UK,P2,1,5,47,34,0
A03152,CORP_UK,P2,1,2,22,40,0
A03153,CORP_UK,P2,1,4,45,11,0
A03154,CORP_UK,P2,1,2,61,45,0
A03155,CORP_UK,P2,1,2,74,61,0
A03156,CORP_UK,P2,1,3,58,7,0
A03157,CORP_UK,P2,1,5,41,175,0
A03158,CORP_UK,P2,1,5,79,51,0
A03159,CORP_UK,P2,0,0,0,0,0
A03160,CORP_UK,P2,0,0,0,0,0
A03161,CORP_UK,P2,1,5,47,3,0
A03162,CORP_UK,P2,1,4,19,2,0
A03163,CORP_UK,P2,1,5,76,34,0
A03164,CORP_UK,P2,1,5,74,21,0
A03165,CORP_UK,P2,1,5,49,41,0
A03166,CORP_UK,P2,1,3,86,14,0
A03167,CORP_UK,P2,0,0,0,0,0
A03168,CORP_UK,P2,0,0,0,0,0
A03169,CORP_UK,P2,1,5,77,144,0
A03170,CORP_UK,P2,1,4,49,9,0
A03171,CORP_UK,P2,1,4,48,24,0
A03172,CORP_UK,P2,1,5,50,1,0
A03173,CORP_UK,P2,1,5,21,51,0
A03174,CORP_UK,P2,1,4,54,0,0
A03175,CORP_UK,P2,1,2,48,5,0
A03176,CORP_UK,P2,1,5,21,14,0
A03177,CORP_UK,P2,1,5,76,139,0
A03178,CORP_UK,P2,1,4,53,20,0
A03179,CORP_UK,P2,1,4,56,155,0
A03180,CORP_UK,P2,1,4,44,101,0
A03181,CORP_UK,P2,1,4,51,91,0
A03182,CORP_UK,P2,1,5,54,9,0
A03183,CORP_UK,P2,1,5,61,3,0
A03184,CORP_UK,P2,0,0,0,0,0
A03185,CORP_UK,P2,1,4,35,43,0
A03186,CORP_UK,P2,1,3,53,18,0
A03187,CORP_UK,P2,1,5,54,41,0
A03188,CORP_UK,P2,0,0,0,0,0
A03189,CORP_UK,P2,1,3,54,49,0
A03190,CORP_UK,P2,1,5,51,32,0
A03191,CORP_UK,P2,1,5,43,20,0
A03192,CORP_UK,P2,1,3,54,17,0
A03193,CORP_UK,P2,1,4,55,68,0
A03194,CORP_UK,P2,0,0,0,0,0
A03195,CORP_UK,P2,1,4,39,124,0
A03196,CORP_UK,P2,1,4,77,30,0
A03197,CORP_UK,P2,1,5,73,198,0
A03198,CORP_UK,P2,1,5,62,155,0
A03199,CORP_UK,P2,0,0,0,0,0
A03200,CORP_UK,P2,0,0,0,0,0
